abbreviaton,full_form,query,explanation,top_10_full_form,llm_full_form_suggestion,ambiguous_question,possible_ambiguities,top_10_full_form_sources
CPR,Cardiopulmonary Resuscitation,"In the context of emergency medical response, how has the advancement in technology influenced the effectiveness and widespread training methods of CPR, considering the multi-faceted approaches to public awareness and the integration of mobile applications?","Both queries are designed to explore the impact of technological advancements on either Cardiopulmonary Resuscitation or Corporate Performance Reporting. They aim at understanding how modern technology has influenced the training, effectiveness, and practices of these distinctly different fields. The ambiguity lies in the use of initials 'CPR' that can refer to either, yet each query is tailored to extract a detailed, specific insight into the respective area, calling for an understanding of the full terminology and its application.","[[""Cardio-Pulmonary Resuscitation"", ""Constant Prepayment Rate"", ""Controlled Products Regulations"", ""Continuous Plankton Recorder"", ""Computerized Patient Record"", ""Coffee Provides Resuscitation"", ""Cost Performance Report"", ""Code of Professional Responsibility"", ""Calibrated Peer Review"", ""Clubs for Prevention and Recovery""]]",Cardiopulmonary Resuscitation,"In the context of emergency medical response, how has the advancement in technology influenced the effectiveness and widespread training methods of CPR, considering the multi-faceted approaches to public awareness and the integration of mobile applications?","{""full_form_abbrv_map"": [{""ambiguity_type"": ""abbreviation"", ""abbreviation"": ""CPR"", ""full_form"": ""Cardiopulmonary Resuscitation""}]}","[[""Cardio-Pulmonary Resuscitation"", ""Constant Prepayment Rate"", ""Controlled Products Regulations"", ""Continuous Plankton Recorder"", ""Computerized Patient Record"", ""Coffee Provides Resuscitation"", ""Cost Performance Report"", ""Code of Professional Responsibility"", ""Calibrated Peer Review"", ""Clubs for Prevention and Recovery""]]"
CPR,Corporate Performance Reporting,"Considering the evolving landscape of business analytics and data presentation, how has the introduction of advanced software solutions shaped the practices of CPR, especially in terms of enhancing transparency, stakeholder engagement, and real-time data analysis?","Both queries are designed to explore the impact of technological advancements on either Cardiopulmonary Resuscitation or Corporate Performance Reporting. They aim at understanding how modern technology has influenced the training, effectiveness, and practices of these distinctly different fields. The ambiguity lies in the use of initials 'CPR' that can refer to either, yet each query is tailored to extract a detailed, specific insight into the respective area, calling for an understanding of the full terminology and its application.","[[""Cardio-Pulmonary Resuscitation"", ""Constant Prepayment Rate"", ""Controlled Products Regulations"", ""Continuous Plankton Recorder"", ""Computerized Patient Record"", ""Coffee Provides Resuscitation"", ""Cost Performance Report"", ""Code of Professional Responsibility"", ""Calibrated Peer Review"", ""Clubs for Prevention and Recovery""]]",Cardiopulmonary Resuscitation,"Considering the evolving landscape of business analytics and data presentation, how has the introduction of advanced software solutions shaped the practices of CPR, especially in terms of enhancing transparency, stakeholder engagement, and real-time data analysis?","{""full_form_abbrv_map"": [{""ambiguity_type"": ""abbreviation"", ""abbreviation"": ""CPR"", ""full_form"": ""Corporate Performance Reporting""}]}","[[""Cardio-Pulmonary Resuscitation"", ""Constant Prepayment Rate"", ""Controlled Products Regulations"", ""Continuous Plankton Recorder"", ""Computerized Patient Record"", ""Coffee Provides Resuscitation"", ""Cost Performance Report"", ""Code of Professional Responsibility"", ""Calibrated Peer Review"", ""Clubs for Prevention and Recovery""]]"
CAD,Computer-Aided Design,"In the context of sustainable urban development, how has the integration of CAD technology in architectural planning contributed to enhancing eco-friendly building practices, specifically regarding the efficiency of energy consumption and the reduction of carbon footprints in newly designed urban structures?","The queries are generated to focus on two distinct domains; 'Computer-Aided Design' deals with the technology's impact on architecture and sustainability, while 'Coronary Artery Disease' covers advancements in medical diagnostic technologies for heart health. Both queries explore how technological or scientific advancements have influenced or revolutionized practices within their respective fields, tying the broader theme of technological impact on societal advancements.","[[""Computer Aided Design"", ""Computer-Aided Design"", ""Canadian Dollar"", ""Coronary Artery Disease"", ""CADdesi"", ""Computer Aided Drafting"", ""Computer Aided Dispatch"", ""CADde"", ""Computer Aided Detection"", ""Caddo""]]",Computer-Aided Design,"In the context of sustainable urban development, how has the integration of CAD technology in architectural planning contributed to enhancing eco-friendly building practices, specifically regarding the efficiency of energy consumption and the reduction of carbon footprints in newly designed urban structures?","{""full_form_abbrv_map"": [{""ambiguity_type"": ""abbreviation"", ""abbreviation"": ""CAD"", ""full_form"": ""Computer-Aided Design""}]}","[[""Computer Aided Design"", ""Computer-Aided Design"", ""Canadian Dollar"", ""Coronary Artery Disease"", ""CADdesi"", ""Computer Aided Drafting"", ""Computer Aided Dispatch"", ""CADde"", ""Computer Aided Detection"", ""Caddo""]]"
CAD,Coronary Artery Disease,"Considering the advancements in medical science towards preventive care, how has improved diagnostics for CAD, particularly through non-invasive imaging technologies, revolutionized the preventive strategies and early treatment approaches for heart disease, thereby impacting the long-term health outcomes of at-risk populations?","The queries are generated to focus on two distinct domains; 'Computer-Aided Design' deals with the technology's impact on architecture and sustainability, while 'Coronary Artery Disease' covers advancements in medical diagnostic technologies for heart health. Both queries explore how technological or scientific advancements have influenced or revolutionized practices within their respective fields, tying the broader theme of technological impact on societal advancements.","[[""Computer Aided Design"", ""Computer-Aided Design"", ""Canadian Dollar"", ""Coronary Artery Disease"", ""CADdesi"", ""Computer Aided Drafting"", ""Computer Aided Dispatch"", ""CADde"", ""Computer Aided Detection"", ""Caddo""]]",Coronary Artery Disease,"Considering the advancements in medical science towards preventive care, how has improved diagnostics for CAD, particularly through non-invasive imaging technologies, revolutionized the preventive strategies and early treatment approaches for heart disease, thereby impacting the long-term health outcomes of at-risk populations?","{""full_form_abbrv_map"": [{""ambiguity_type"": ""abbreviation"", ""abbreviation"": ""CAD"", ""full_form"": ""Coronary Artery Disease""}]}","[[""Computer Aided Design"", ""Computer-Aided Design"", ""Canadian Dollar"", ""Coronary Artery Disease"", ""CADdesi"", ""Computer Aided Drafting"", ""Computer Aided Dispatch"", ""CADde"", ""Computer Aided Detection"", ""Caddo""]]"
PCR,Polymerase Chain Reaction,"In the context of advanced molecular biology techniques, how has the use of PCR impacted the reliability and speed of detecting genetic material for research purposes, and what steps are involved in ensuring its effectiveness?","The 'Polymerase Chain Reaction' is a technique used in biotechnology to amplify DNA sequences, making it easier to study genetic material. The 'Project Completion Report' is a document that summarizes the outcomes, budget, and timelines of a project, providing insights into its success and areas for improvement. Both queries require understanding of the specific processes and impacts of these entities in their respective fields, despite both sounding like they could relate to evaluating outcomes or finalizing stages of a project or study.","[[""Polymerase Chain Reaction"", ""Peak Cell Rate"", ""Project Completion Report"", ""Partido Comunista Revolucionario"", ""Prostate Cancer Research"", ""Perini Corporation"", ""Politically Correct Rifle"", ""Post Consumer Recycled"", ""Put Call Ratio"", ""Primary Contact Recreation""]]",Polymerase Chain Reaction,"In the context of advanced molecular biology techniques, how has the use of PCR impacted the reliability and speed of detecting genetic material for research purposes, and what steps are involved in ensuring its effectiveness?","{""full_form_abbrv_map"": [{""ambiguity_type"": ""abbreviation"", ""abbreviation"": ""PCR"", ""full_form"": ""Polymerase Chain Reaction""}]}","[[""Polymerase Chain Reaction"", ""Peak Cell Rate"", ""Project Completion Report"", ""Partido Comunista Revolucionario"", ""Prostate Cancer Research"", ""Perini Corporation"", ""Politically Correct Rifle"", ""Post Consumer Recycled"", ""Put Call Ratio"", ""Primary Contact Recreation""]]"
PCR,Project Completion Report,"Considering the procedural steps involved in large-scale engineering projects, how does the preparation and analysis of a PCR contribute to understanding the success and areas of improvement, with respect to timelines and budget adherence?","The 'Polymerase Chain Reaction' is a technique used in biotechnology to amplify DNA sequences, making it easier to study genetic material. The 'Project Completion Report' is a document that summarizes the outcomes, budget, and timelines of a project, providing insights into its success and areas for improvement. Both queries require understanding of the specific processes and impacts of these entities in their respective fields, despite both sounding like they could relate to evaluating outcomes or finalizing stages of a project or study.","[[""Polymerase Chain Reaction"", ""Peak Cell Rate"", ""Project Completion Report"", ""Partido Comunista Revolucionario"", ""Prostate Cancer Research"", ""Perini Corporation"", ""Politically Correct Rifle"", ""Post Consumer Recycled"", ""Put Call Ratio"", ""Primary Contact Recreation""]]",Polymerase Chain Reaction,"Considering the procedural steps involved in large-scale engineering projects, how does the preparation and analysis of a PCR contribute to understanding the success and areas of improvement, with respect to timelines and budget adherence?","{""full_form_abbrv_map"": [{""ambiguity_type"": ""abbreviation"", ""abbreviation"": ""PCR"", ""full_form"": ""Project Completion Report""}]}","[[""Polymerase Chain Reaction"", ""Peak Cell Rate"", ""Project Completion Report"", ""Partido Comunista Revolucionario"", ""Prostate Cancer Research"", ""Perini Corporation"", ""Politically Correct Rifle"", ""Post Consumer Recycled"", ""Put Call Ratio"", ""Primary Contact Recreation""]]"
AML,Acute Myeloid Leukemia,"In the context of health emergencies and oncological diseases, how has the pandemic impacted the prognosis for patients with AML, particularly in terms of treatment delays and access to novel therapies?","The ambiguity arises from the use of 'Acute Myeloid Leukemia' and 'Anti-Money Laundering', both of which can be abbreviated as 'AML'. This shared abbreviation could lead to confusion without context. The generation of queries aims to illustrate how the full form of 'AML' significantly alters the domain of the question, shifting from the medical field to financial regulation. Both queries address challenges exacerbated by the pandemic, linking them by a common theme of increased difficulty in managing crises, yet in vastly different sectors.","[[""Anti Money Laundering"", ""Acute Myelogenous Leukemia"", ""Acute Myeloid leukaemia"", ""Acute Myeloblastic Leukemia"", ""Abandoned Mine Lands"", ""Arc Macro Language"", ""Acute Monocytic Leukemia"", ""AMLI Residential Properties Trust"", ""A Major Label"", ""ACPI Machine Language""]]",Acute Myeloid Leukemia,"In the context of health emergencies and oncological diseases, how has the pandemic impacted the prognosis for patients with AML, particularly in terms of treatment delays and access to novel therapies?","{""full_form_abbrv_map"": [{""ambiguity_type"": ""abbreviation"", ""abbreviation"": ""AML"", ""full_form"": ""Acute Myeloid Leukemia""}]}","[[""Anti Money Laundering"", ""Acute Myelogenous Leukemia"", ""Acute Myeloid leukaemia"", ""Acute Myeloblastic Leukemia"", ""Abandoned Mine Lands"", ""Arc Macro Language"", ""Acute Monocytic Leukemia"", ""AMLI Residential Properties Trust"", ""A Major Label"", ""ACPI Machine Language""]]"
AML,Anti-Money Laundering,"Considering the global rise in digital transactions during the pandemic, what measures have been effectively implemented to prevent AML activities, especially within the realm of online banking and cryptocurrency exchanges?","The ambiguity arises from the use of 'Acute Myeloid Leukemia' and 'Anti-Money Laundering', both of which can be abbreviated as 'AML'. This shared abbreviation could lead to confusion without context. The generation of queries aims to illustrate how the full form of 'AML' significantly alters the domain of the question, shifting from the medical field to financial regulation. Both queries address challenges exacerbated by the pandemic, linking them by a common theme of increased difficulty in managing crises, yet in vastly different sectors.","[[""Anti Money Laundering"", ""Acute Myelogenous Leukemia"", ""Acute Myeloid leukaemia"", ""Acute Myeloblastic Leukemia"", ""Abandoned Mine Lands"", ""Arc Macro Language"", ""Acute Monocytic Leukemia"", ""AMLI Residential Properties Trust"", ""A Major Label"", ""ACPI Machine Language""]]",Anti-Money Laundering,"Considering the global rise in digital transactions during the pandemic, what measures have been effectively implemented to prevent AML activities, especially within the realm of online banking and cryptocurrency exchanges?","{""full_form_abbrv_map"": [{""ambiguity_type"": ""abbreviation"", ""abbreviation"": ""AML"", ""full_form"": ""Anti-Money Laundering""}]}","[[""Anti Money Laundering"", ""Acute Myelogenous Leukemia"", ""Acute Myeloid leukaemia"", ""Acute Myeloblastic Leukemia"", ""Abandoned Mine Lands"", ""Arc Macro Language"", ""Acute Monocytic Leukemia"", ""AMLI Residential Properties Trust"", ""A Major Label"", ""ACPI Machine Language""]]"
API,Application Programming Interface,"Investigating the development process of a software project, what are the key challenges and considerations in integrating diverse APIs efficiently to ensure seamless communication between different software systems, considering security and data integrity?","The abbreviation 'API' stands for both 'Application Programming Interface' and 'Active Pharmaceutical Ingredient', serving distinct domains of technology and pharmaceuticals. The first query focuses on the challenges in integrating Application Programming Interfaces within software systems, emphasizing considerations for security and data integrity, which is crucial in the development of reliable and safe software solutions. The second query delves into the process of synthesizing and evaluating Active Pharmaceutical Ingredients, highlighting the importance of adhering to rigorous international standards to ensure the safety and efficacy of drugs, directly impacting patient health. Both queries are complex, requiring multi-faceted answers that depend on the specific domain knowledge of software development and pharmaceutical manufacturing, respectively, and skillfully divert focus from the abbreviation to the fuller, domain-specific meanings.","[[""Academic Performance Index"", ""Application Programming Interface"", ""American Petroleum Institute"", ""Active Pharmaceutical Ingredient"", ""Atmospheric Pressure Ionization"", ""Air Pollution Index"", ""Administraci\u00f3n Portuaria Integral"", ""Animal Protection Institute"", ""Advanced Photonix, Inc."", ""Asian or Pacific Islander""]]",Application Programming Interface,"Investigating the development process of a software project, what are the key challenges and considerations in integrating diverse APIs efficiently to ensure seamless communication between different software systems, considering security and data integrity?","{""full_form_abbrv_map"": [{""ambiguity_type"": ""abbreviation"", ""abbreviation"": ""API"", ""full_form"": ""Application Programming Interface""}]}","[[""Academic Performance Index"", ""Application Programming Interface"", ""American Petroleum Institute"", ""Active Pharmaceutical Ingredient"", ""Atmospheric Pressure Ionization"", ""Air Pollution Index"", ""Administraci\u00f3n Portuaria Integral"", ""Animal Protection Institute"", ""Advanced Photonix, Inc."", ""Asian or Pacific Islander""]]"
API,Active Pharmaceutical Ingredient,"In the context of drug development and regulatory approval, what are the critical steps involved in the synthesis and quality assessment of APIs to meet international standards for safety and efficacy, considering the impact on patient health?","The abbreviation 'API' stands for both 'Application Programming Interface' and 'Active Pharmaceutical Ingredient', serving distinct domains of technology and pharmaceuticals. The first query focuses on the challenges in integrating Application Programming Interfaces within software systems, emphasizing considerations for security and data integrity, which is crucial in the development of reliable and safe software solutions. The second query delves into the process of synthesizing and evaluating Active Pharmaceutical Ingredients, highlighting the importance of adhering to rigorous international standards to ensure the safety and efficacy of drugs, directly impacting patient health. Both queries are complex, requiring multi-faceted answers that depend on the specific domain knowledge of software development and pharmaceutical manufacturing, respectively, and skillfully divert focus from the abbreviation to the fuller, domain-specific meanings.","[[""Academic Performance Index"", ""Application Programming Interface"", ""American Petroleum Institute"", ""Active Pharmaceutical Ingredient"", ""Atmospheric Pressure Ionization"", ""Air Pollution Index"", ""Administraci\u00f3n Portuaria Integral"", ""Animal Protection Institute"", ""Advanced Photonix, Inc."", ""Asian or Pacific Islander""]]",Active Pharmaceutical Ingredient,"In the context of drug development and regulatory approval, what are the critical steps involved in the synthesis and quality assessment of APIs to meet international standards for safety and efficacy, considering the impact on patient health?","{""full_form_abbrv_map"": [{""ambiguity_type"": ""abbreviation"", ""abbreviation"": ""API"", ""full_form"": ""Active Pharmaceutical Ingredient""}]}","[[""Academic Performance Index"", ""Application Programming Interface"", ""American Petroleum Institute"", ""Active Pharmaceutical Ingredient"", ""Atmospheric Pressure Ionization"", ""Air Pollution Index"", ""Administraci\u00f3n Portuaria Integral"", ""Animal Protection Institute"", ""Advanced Photonix, Inc."", ""Asian or Pacific Islander""]]"
CRC,Cyclic Redundancy Check,"What are the implications of advancements in CRC methods for improving data integrity in large-scale, distributed computer networks, and how do these enhancements affect error detection capabilities in scenarios where data transmission errors are particularly prevalent?","The abbreviation 'CRC' stands for both 'Cyclic Redundancy Check' and 'Colorectal Cancer', each belonging to vastly different domains: computer science and medicine, respectively. The first query explores the impact of technological improvements in Cyclic Redundancy Check on data integrity and error detection in computer networks. In contrast, the second query delves into the medical arena, investigating the importance of early detection and customized treatments for Colorectal Cancer, especially when genetic factors are at play. The generation of these queries aims to highlight the diverse implications and crucial developments within both contexts, illustrating the breadth of 'CRC' as an acronym while intentionally diverging from focusing solely on the abbreviation.","[[""Cyclic Redundancy Check"", ""Cooperative Research Centre"", ""Costa Rica Colon"", ""Clinical Research Center"", ""Chemical Rubber Company"", ""Cosumnes River College"", ""Close Range Correction"", ""Customer Response Center"", ""Class Responsibility Collaboration"", ""Children's Rights Council""]]",Cyclic Redundancy Check,"What are the implications of advancements in CRC methods for improving data integrity in large-scale, distributed computer networks, and how do these enhancements affect error detection capabilities in scenarios where data transmission errors are particularly prevalent?","{""full_form_abbrv_map"": [{""ambiguity_type"": ""abbreviation"", ""abbreviation"": ""CRC"", ""full_form"": ""Cyclic Redundancy Check""}]}","[[""Cyclic Redundancy Check"", ""Cooperative Research Centre"", ""Costa Rica Colon"", ""Clinical Research Center"", ""Chemical Rubber Company"", ""Cosumnes River College"", ""Close Range Correction"", ""Customer Response Center"", ""Class Responsibility Collaboration"", ""Children's Rights Council""]]"
CRC,Colorectal Cancer,"Considering recent developments in understanding genetic predispositions to CRC, how significant is the role of early detection and personalized treatment plans in improving long-term survival rates, particularly in cases where family history suggests a higher risk?","The abbreviation 'CRC' stands for both 'Cyclic Redundancy Check' and 'Colorectal Cancer', each belonging to vastly different domains: computer science and medicine, respectively. The first query explores the impact of technological improvements in Cyclic Redundancy Check on data integrity and error detection in computer networks. In contrast, the second query delves into the medical arena, investigating the importance of early detection and customized treatments for Colorectal Cancer, especially when genetic factors are at play. The generation of these queries aims to highlight the diverse implications and crucial developments within both contexts, illustrating the breadth of 'CRC' as an acronym while intentionally diverging from focusing solely on the abbreviation.","[[""Cyclic Redundancy Check"", ""Cooperative Research Centre"", ""Costa Rica Colon"", ""Clinical Research Center"", ""Chemical Rubber Company"", ""Cosumnes River College"", ""Close Range Correction"", ""Customer Response Center"", ""Class Responsibility Collaboration"", ""Children's Rights Council""]]",Colorectal Cancer,"Considering recent developments in understanding genetic predispositions to CRC, how significant is the role of early detection and personalized treatment plans in improving long-term survival rates, particularly in cases where family history suggests a higher risk?","{""full_form_abbrv_map"": [{""ambiguity_type"": ""abbreviation"", ""abbreviation"": ""CRC"", ""full_form"": ""Colorectal Cancer""}]}","[[""Cyclic Redundancy Check"", ""Cooperative Research Centre"", ""Costa Rica Colon"", ""Clinical Research Center"", ""Chemical Rubber Company"", ""Cosumnes River College"", ""Close Range Correction"", ""Customer Response Center"", ""Class Responsibility Collaboration"", ""Children's Rights Council""]]"
CRT,Cathode Ray Tube,"How has the progression from the utilization of CRT technology in early television models influenced modern digital display resolutions, considering the advancements in electronic imaging and perception?","The terms 'Cathode Ray Tube' and 'Cardiac Resynchronization Therapy' share the same abbreviation 'CRT', leading to potential confusion. The first query focuses on the impact of Cathode Ray Tube technology on modern display technologies, blending historical electronic development with contemporary achievements in visual technology. The second query explores the effectiveness of Cardiac Resynchronization Therapy on heart failure treatment, tying medical advancements to patient health outcomes. Both queries are designed to elicit complex, multi-faceted responses requiring specific understanding of the terms' full forms and their applications, subtly distancing from the shared abbreviation to emphasize their distinct fields of application.","[[""Cathode Ray Tube"", ""Cardiac Resynchronization Therapy"", ""Charitable Remainder Trust"", ""Chinese Remainder Theorem"", ""Criterion Referenced Test"", ""C Run Time"", ""Criterion Referenced Tests"", ""Corneal Refractive Therapy"", ""Copyright Royalty Tribunal"", ""Counter Rotating Tines""]]",Cathode Ray Tube,"How has the progression from the utilization of CRT technology in early television models influenced modern digital display resolutions, considering the advancements in electronic imaging and perception?","{""full_form_abbrv_map"": [{""ambiguity_type"": ""abbreviation"", ""abbreviation"": ""CRT"", ""full_form"": ""Cathode Ray Tube""}]}","[[""Cathode Ray Tube"", ""Cardiac Resynchronization Therapy"", ""Charitable Remainder Trust"", ""Chinese Remainder Theorem"", ""Criterion Referenced Test"", ""C Run Time"", ""Criterion Referenced Tests"", ""Corneal Refractive Therapy"", ""Copyright Royalty Tribunal"", ""Counter Rotating Tines""]]"
CRT,Cardiac Resynchronization Therapy,"In what ways has the application of CRT influenced patient outcomes in congestive heart failure scenarios, especially regarding the synchronization of heart chambers and improvement in cardiac function?","The terms 'Cathode Ray Tube' and 'Cardiac Resynchronization Therapy' share the same abbreviation 'CRT', leading to potential confusion. The first query focuses on the impact of Cathode Ray Tube technology on modern display technologies, blending historical electronic development with contemporary achievements in visual technology. The second query explores the effectiveness of Cardiac Resynchronization Therapy on heart failure treatment, tying medical advancements to patient health outcomes. Both queries are designed to elicit complex, multi-faceted responses requiring specific understanding of the terms' full forms and their applications, subtly distancing from the shared abbreviation to emphasize their distinct fields of application.","[[""Cathode Ray Tube"", ""Cardiac Resynchronization Therapy"", ""Charitable Remainder Trust"", ""Chinese Remainder Theorem"", ""Criterion Referenced Test"", ""C Run Time"", ""Criterion Referenced Tests"", ""Corneal Refractive Therapy"", ""Copyright Royalty Tribunal"", ""Counter Rotating Tines""]]",Cardiac Resynchronization Therapy,"In what ways has the application of CRT influenced patient outcomes in congestive heart failure scenarios, especially regarding the synchronization of heart chambers and improvement in cardiac function?","{""full_form_abbrv_map"": [{""ambiguity_type"": ""abbreviation"", ""abbreviation"": ""CRT"", ""full_form"": ""Cardiac Resynchronization Therapy""}]}","[[""Cathode Ray Tube"", ""Cardiac Resynchronization Therapy"", ""Charitable Remainder Trust"", ""Chinese Remainder Theorem"", ""Criterion Referenced Test"", ""C Run Time"", ""Criterion Referenced Tests"", ""Corneal Refractive Therapy"", ""Copyright Royalty Tribunal"", ""Counter Rotating Tines""]]"
MVP,Most Valuable Player,"Identify the influence of having a MVP on a basketball team's overall performance and market value, comparing historical data of teams before and after such players received their titles.","The focus revolves around the value addition aspect, whether it's an individual in a sports team context, the Most Valuable Player, or a product in a startup's lifecycle, the Minimum Viable Product. Both inquiries aim to understand the impact of a key contributing factor (a standout player or an initial product) on the larger entity's success (team or company). Thus, while leveraging the full forms of MVP, the queries pose complex considerations of how singular achievements or strategies drive collective advancements.","[[""Most Valuable Player"", ""Most Valuable Professional"", ""Mitral Valve Prolapse"", ""Most Valuable Primate"", ""Most Valued Professional"", ""Music And Video Player"", ""Music Video Player"", ""MindSolve Visual Performance"", ""Most Valuable Performer"", ""Music Video Pictures""]]",Most Valuable Player,"Identify the influence of having a MVP on a basketball team's overall performance and market value, comparing historical data of teams before and after such players received their titles.","{""full_form_abbrv_map"": [{""ambiguity_type"": ""abbreviation"", ""abbreviation"": ""MVP"", ""full_form"": ""Most Valuable Player""}]}","[[""Most Valuable Player"", ""Most Valuable Professional"", ""Mitral Valve Prolapse"", ""Most Valuable Primate"", ""Most Valued Professional"", ""Music And Video Player"", ""Music Video Player"", ""MindSolve Visual Performance"", ""Most Valuable Performer"", ""Music Video Pictures""]]"
MVP,Minimum Viable Product,"Examine how the introduction of a MVP influences a startup's initial market positioning and subsequent funding rounds, using case studies of technology companies that pivoted after MVP feedback.","The focus revolves around the value addition aspect, whether it's an individual in a sports team context, the Most Valuable Player, or a product in a startup's lifecycle, the Minimum Viable Product. Both inquiries aim to understand the impact of a key contributing factor (a standout player or an initial product) on the larger entity's success (team or company). Thus, while leveraging the full forms of MVP, the queries pose complex considerations of how singular achievements or strategies drive collective advancements.","[[""Most Valuable Player"", ""Most Valuable Professional"", ""Mitral Valve Prolapse"", ""Most Valuable Primate"", ""Most Valued Professional"", ""Music And Video Player"", ""Music Video Player"", ""MindSolve Visual Performance"", ""Most Valuable Performer"", ""Music Video Pictures""]]",Minimum Viable Product,"Examine how the introduction of a MVP influences a startup's initial market positioning and subsequent funding rounds, using case studies of technology companies that pivoted after MVP feedback.","{""full_form_abbrv_map"": [{""ambiguity_type"": ""abbreviation"", ""abbreviation"": ""MVP"", ""full_form"": ""Minimum Viable Product""}]}","[[""Most Valuable Player"", ""Most Valuable Professional"", ""Mitral Valve Prolapse"", ""Most Valuable Primate"", ""Most Valued Professional"", ""Music And Video Player"", ""Music Video Player"", ""MindSolve Visual Performance"", ""Most Valuable Performer"", ""Music Video Pictures""]]"
SAR,Specific Absorption Rate,"How does the deployment of mobile towers in urban areas impact the SAR levels in the surrounding residential regions, considering both current regulations and potential health effects?","The term 'Specific Absorption Rate' relates to the rate at which body tissue absorbs electromagnetic energy, often discussed in the context of mobile phone radiation and health effects. 'Search And Rescue' refers to the organized effort to find and help people in distress or danger, typically in emergency situations. Though both acronyms 'SAR' refer to vastly different domains, these queries are unified by the theme of safety and health implications, whether through technology use in urban environments or in response to natural disasters.","[[""Synthetic Aperture Radar"", ""Search And Rescue"", ""Semi-Annual Report"", ""Special Administrative Region"", ""Specific Absorption Rate"", ""Stock Appreciation Right"", ""Student Aid Report"", ""Saudi Arabian Riyal"", ""Structure Activity Relationship"", ""Segmentation And Reassembly""]]",Specific Absorption Rate,"How does the deployment of mobile towers in urban areas impact the SAR levels in the surrounding residential regions, considering both current regulations and potential health effects?","{""full_form_abbrv_map"": [{""ambiguity_type"": ""abbreviation"", ""abbreviation"": ""SAR"", ""full_form"": ""Specific Absorption Rate""}]}","[[""Synthetic Aperture Radar"", ""Search And Rescue"", ""Semi-Annual Report"", ""Special Administrative Region"", ""Specific Absorption Rate"", ""Stock Appreciation Right"", ""Student Aid Report"", ""Saudi Arabian Riyal"", ""Structure Activity Relationship"", ""Segmentation And Reassembly""]]"
SAR,Search And Rescue,"What role does the SAR team play in utilizing satellite imagery to identify areas affected by natural disasters, and how does this aid in effectively coordinating evacuation and emergency relief efforts?","The term 'Specific Absorption Rate' relates to the rate at which body tissue absorbs electromagnetic energy, often discussed in the context of mobile phone radiation and health effects. 'Search And Rescue' refers to the organized effort to find and help people in distress or danger, typically in emergency situations. Though both acronyms 'SAR' refer to vastly different domains, these queries are unified by the theme of safety and health implications, whether through technology use in urban environments or in response to natural disasters.","[[""Synthetic Aperture Radar"", ""Search And Rescue"", ""Semi-Annual Report"", ""Special Administrative Region"", ""Specific Absorption Rate"", ""Stock Appreciation Right"", ""Student Aid Report"", ""Saudi Arabian Riyal"", ""Structure Activity Relationship"", ""Segmentation And Reassembly""]]",Search And Rescue,"What role does the SAR team play in utilizing satellite imagery to identify areas affected by natural disasters, and how does this aid in effectively coordinating evacuation and emergency relief efforts?","{""full_form_abbrv_map"": [{""ambiguity_type"": ""abbreviation"", ""abbreviation"": ""SAR"", ""full_form"": ""Search And Rescue""}]}","[[""Synthetic Aperture Radar"", ""Search And Rescue"", ""Semi-Annual Report"", ""Special Administrative Region"", ""Specific Absorption Rate"", ""Stock Appreciation Right"", ""Student Aid Report"", ""Saudi Arabian Riyal"", ""Structure Activity Relationship"", ""Segmentation And Reassembly""]]"
COP,Conference of the Parties,"Investigate how the annual meetings of the COP, under the framework of the United Nations, impact the international policies on climate change adaptation, especially in terms of setting legally binding targets for carbon emission reductions among the signatory countries.","The abbreviation 'COP' stands for both 'Conference of the Parties' and 'Coefficient of Performance.' The first query focuses on global climate policy, detailing how the meetings of the Conference of the Parties influence international climate change adaptation strategies. The second query revolves around technological efficiency, specifically how enhancements in the Coefficient of Performance of heat pumps lead to more energy-efficient heating solutions and lower carbon emissions. Both queries address the overarching theme of reducing carbon emissions, but from distinctly different angles – one from a policy-making perspective and the other from a technological efficiency viewpoint.","[[""Colombian Peso"", ""Conference Of the Parties"", ""Community Oriented Policing"", ""Community Of Practice"", ""Certificate Of Participation"", ""Cost Of Production"", ""Coptic"", ""Common Operating Picture"", ""Coalition Of Police"", ""CPU (Central Processing Unit) Overheating Protection""]]",Conference of the Parties,"Investigate how the annual meetings of the COP, under the framework of the United Nations, impact the international policies on climate change adaptation, especially in terms of setting legally binding targets for carbon emission reductions among the signatory countries.","{""full_form_abbrv_map"": [{""ambiguity_type"": ""abbreviation"", ""abbreviation"": ""COP"", ""full_form"": ""Conference of the Parties""}]}","[[""Colombian Peso"", ""Conference Of the Parties"", ""Community Oriented Policing"", ""Community Of Practice"", ""Certificate Of Participation"", ""Cost Of Production"", ""Coptic"", ""Common Operating Picture"", ""Coalition Of Police"", ""CPU (Central Processing Unit) Overheating Protection""]]"
COP,Coefficient of Performance,"Explore how advancements in heat pump technology, specifically improvements in the COP, contribute to energy efficiency in residential heating systems, thereby influencing the reduction of household carbon footprints in compliance with sustainable living standards.","The abbreviation 'COP' stands for both 'Conference of the Parties' and 'Coefficient of Performance.' The first query focuses on global climate policy, detailing how the meetings of the Conference of the Parties influence international climate change adaptation strategies. The second query revolves around technological efficiency, specifically how enhancements in the Coefficient of Performance of heat pumps lead to more energy-efficient heating solutions and lower carbon emissions. Both queries address the overarching theme of reducing carbon emissions, but from distinctly different angles – one from a policy-making perspective and the other from a technological efficiency viewpoint.","[[""Colombian Peso"", ""Conference Of the Parties"", ""Community Oriented Policing"", ""Community Of Practice"", ""Certificate Of Participation"", ""Cost Of Production"", ""Coptic"", ""Common Operating Picture"", ""Coalition Of Police"", ""CPU (Central Processing Unit) Overheating Protection""]]",Coefficient of Performance,"Explore how advancements in heat pump technology, specifically improvements in the COP, contribute to energy efficiency in residential heating systems, thereby influencing the reduction of household carbon footprints in compliance with sustainable living standards.","{""full_form_abbrv_map"": [{""ambiguity_type"": ""abbreviation"", ""abbreviation"": ""COP"", ""full_form"": ""Coefficient of Performance""}]}","[[""Colombian Peso"", ""Conference Of the Parties"", ""Community Oriented Policing"", ""Community Of Practice"", ""Certificate Of Participation"", ""Cost Of Production"", ""Coptic"", ""Common Operating Picture"", ""Coalition Of Police"", ""CPU (Central Processing Unit) Overheating Protection""]]"
LED,Light Emitting Diode,"In the development of energy-efficient lighting solutions, especially for large-scale outdoor usage such as stadiums and city streets, how does the technology of LED compare in terms of energy consumption and lifespan against traditional lighting systems, and what advancements in materials science have contributed to its development?","Both queries are designed to explore specific aspects of advancements in technology and science - the first focuses on the use of Light Emitting Diode technology for energy-efficient lighting, while the second focuses on Low Energy Detection in particle physics. The ambiguity arises from the use of similar language to discuss advancements, improvements, and the impact of these technologies in their respective fields, despite the vastly different applications and technologies involved.","[[""Light Emitting Diode"", ""Ledig"", ""St. Petersburg, Russia"", ""Light Emitting Display"", ""Live Electronic Dance"", ""Low Energy Demand"", ""Light-Emitting Diode"", ""Low Energy Detector"", ""Light Emmiting Diodes"", ""Lazer Enhanced Destruction""]]",Light Emitting Diode,"In the development of energy-efficient lighting solutions, especially for large-scale outdoor usage such as stadiums and city streets, how does the technology of LED compare in terms of energy consumption and lifespan against traditional lighting systems, and what advancements in materials science have contributed to its development?","{""full_form_abbrv_map"": [{""ambiguity_type"": ""abbreviation"", ""abbreviation"": ""LED"", ""full_form"": ""Light Emitting Diode""}]}","[[""Light Emitting Diode"", ""Ledig"", ""St. Petersburg, Russia"", ""Light Emitting Display"", ""Live Electronic Dance"", ""Low Energy Demand"", ""Light-Emitting Diode"", ""Low Energy Detector"", ""Light Emmiting Diodes"", ""Lazer Enhanced Destruction""]]"
LED,Low Energy Detection,"Considering the challenges in particle physics experiments, where the detection of low-energy particles is crucial for understanding fundamental aspects of the universe, how does LED technology enable more accurate and sensitive measurements, and what are the latest improvements in sensor technology that enhance this capability?","Both queries are designed to explore specific aspects of advancements in technology and science - the first focuses on the use of Light Emitting Diode technology for energy-efficient lighting, while the second focuses on Low Energy Detection in particle physics. The ambiguity arises from the use of similar language to discuss advancements, improvements, and the impact of these technologies in their respective fields, despite the vastly different applications and technologies involved.","[[""Light Emitting Diode"", ""Ledig"", ""St. Petersburg, Russia"", ""Light Emitting Display"", ""Live Electronic Dance"", ""Low Energy Demand"", ""Light-Emitting Diode"", ""Low Energy Detector"", ""Light Emmiting Diodes"", ""Lazer Enhanced Destruction""]]",Light Emitting Diode,"Considering the challenges in particle physics experiments, where the detection of low-energy particles is crucial for understanding fundamental aspects of the universe, how does LED technology enable more accurate and sensitive measurements, and what are the latest improvements in sensor technology that enhance this capability?","{""full_form_abbrv_map"": [{""ambiguity_type"": ""abbreviation"", ""abbreviation"": ""LED"", ""full_form"": ""Low Energy Detection""}]}","[[""Light Emitting Diode"", ""Ledig"", ""St. Petersburg, Russia"", ""Light Emitting Display"", ""Live Electronic Dance"", ""Low Energy Demand"", ""Light-Emitting Diode"", ""Low Energy Detector"", ""Light Emmiting Diodes"", ""Lazer Enhanced Destruction""]]"
RAM,Random Access Memory,"In recent technological advancements, how has the integration of RAM in computing devices influenced the speed and efficiency of data processing, particularly in the context of managing large-scale databases and complex computational tasks?","The ambiguous parts are 'Random Access Memory' and 'Remote Area Medical'. The reason behind these queries is to illustrate the significant roles both play in their respective domains: computing technology and healthcare provision. While 'Random Access Memory' (RAM) is crucial for the speed and efficiency of computing tasks, 'Remote Area Medical' focuses on delivering much-needed healthcare services to remote and underserved populations. Both queries tie back to how advancements or establishments within these concepts contribute to broader impacts in their fields – improved data processing capabilities in technology and enhanced healthcare access in remote areas, respectively.","[[""Random Access Memory"", ""Royal Air Maroc"", ""Reliability, Availability, and Maintainability"", ""Reverse Annuity Mortgage"", ""Los Angeles Rams"", ""Random Access Machine"", ""Real Audio Media"", ""Real Audio Movie"", ""RealAudio Metafile"", ""Republican Attack Machine""]]",Random Access Memory,"In recent technological advancements, how has the integration of RAM in computing devices influenced the speed and efficiency of data processing, particularly in the context of managing large-scale databases and complex computational tasks?","{""full_form_abbrv_map"": [{""ambiguity_type"": ""abbreviation"", ""abbreviation"": ""RAM"", ""full_form"": ""Random Access Memory""}]}","[[""Random Access Memory"", ""Royal Air Maroc"", ""Reliability, Availability, and Maintainability"", ""Reverse Annuity Mortgage"", ""Los Angeles Rams"", ""Random Access Machine"", ""Real Audio Media"", ""Real Audio Movie"", ""RealAudio Metafile"", ""Republican Attack Machine""]]"
RAM,Remote Area Medical,"Considering the challenges faced by healthcare providers in isolated communities, how has the establishment of RAM clinics contributed to improving access to medical services and reducing health disparities, especially in areas lacking infrastructure and resources?","The ambiguous parts are 'Random Access Memory' and 'Remote Area Medical'. The reason behind these queries is to illustrate the significant roles both play in their respective domains: computing technology and healthcare provision. While 'Random Access Memory' (RAM) is crucial for the speed and efficiency of computing tasks, 'Remote Area Medical' focuses on delivering much-needed healthcare services to remote and underserved populations. Both queries tie back to how advancements or establishments within these concepts contribute to broader impacts in their fields – improved data processing capabilities in technology and enhanced healthcare access in remote areas, respectively.","[[""Random Access Memory"", ""Royal Air Maroc"", ""Reliability, Availability, and Maintainability"", ""Reverse Annuity Mortgage"", ""Los Angeles Rams"", ""Random Access Machine"", ""Real Audio Media"", ""Real Audio Movie"", ""RealAudio Metafile"", ""Republican Attack Machine""]]",Remote Area Medical,"Considering the challenges faced by healthcare providers in isolated communities, how has the establishment of RAM clinics contributed to improving access to medical services and reducing health disparities, especially in areas lacking infrastructure and resources?","{""full_form_abbrv_map"": [{""ambiguity_type"": ""abbreviation"", ""abbreviation"": ""RAM"", ""full_form"": ""Remote Area Medical""}]}","[[""Random Access Memory"", ""Royal Air Maroc"", ""Reliability, Availability, and Maintainability"", ""Reverse Annuity Mortgage"", ""Los Angeles Rams"", ""Random Access Machine"", ""Real Audio Media"", ""Real Audio Movie"", ""RealAudio Metafile"", ""Republican Attack Machine""]]"
MRI,Magnetic Resonance Imaging,"In the context of advancements in medical imaging technology, how has MRI contributed to the early detection and treatment of neurological disorders, and what are the implications of these advancements on patient outcomes and healthcare costs?","The queries both address the advancements and implications in their respective fields - one in the medical imaging technology sphere focusing on Magnetic Resonance Imaging and its impact on healthcare, and the other in market analysis and forecasts provided by Market Research, Inc., focusing on its influence on business strategies and market competition. The abbreviation 'MRI' is avoided to emphasize the distinct fields and ensure the queries depend on understanding the full forms.","[[""Magnetic Resonance Imaging"", ""Maori"", ""Management Recruiters International"", ""Meteorological Research Institute"", ""Magnetic Resonance Imagery"", ""Mathematical Research Institute"", ""Magnetic Resonance Imagining"", ""Medical Resonance Imaging"", ""Magnetic Reasonance Imaging"", ""Meuse Rhine Issel""]]",Magnetic Resonance Imaging,"In the context of advancements in medical imaging technology, how has MRI contributed to the early detection and treatment of neurological disorders, and what are the implications of these advancements on patient outcomes and healthcare costs?","{""full_form_abbrv_map"": [{""ambiguity_type"": ""abbreviation"", ""abbreviation"": ""MRI"", ""full_form"": ""Magnetic Resonance Imaging""}]}","[[""Magnetic Resonance Imaging"", ""Maori"", ""Management Recruiters International"", ""Meteorological Research Institute"", ""Magnetic Resonance Imagery"", ""Mathematical Research Institute"", ""Magnetic Resonance Imagining"", ""Medical Resonance Imaging"", ""Magnetic Reasonance Imaging"", ""Meuse Rhine Issel""]]"
MRI,"Market Research, Inc.","Considering the dynamic nature of consumer behavior, how has MRI adapted its strategies to provide accurate forecasts and insights for businesses looking to expand into emerging markets, and what impact do these insights have on product development and competitive positioning?","The queries both address the advancements and implications in their respective fields - one in the medical imaging technology sphere focusing on Magnetic Resonance Imaging and its impact on healthcare, and the other in market analysis and forecasts provided by Market Research, Inc., focusing on its influence on business strategies and market competition. The abbreviation 'MRI' is avoided to emphasize the distinct fields and ensure the queries depend on understanding the full forms.","[[""Magnetic Resonance Imaging"", ""Maori"", ""Management Recruiters International"", ""Meteorological Research Institute"", ""Magnetic Resonance Imagery"", ""Mathematical Research Institute"", ""Magnetic Resonance Imagining"", ""Medical Resonance Imaging"", ""Magnetic Reasonance Imaging"", ""Meuse Rhine Issel""]]",Magnetic Resonance Imaging,"Considering the dynamic nature of consumer behavior, how has MRI adapted its strategies to provide accurate forecasts and insights for businesses looking to expand into emerging markets, and what impact do these insights have on product development and competitive positioning?","{""full_form_abbrv_map"": [{""ambiguity_type"": ""abbreviation"", ""abbreviation"": ""MRI"", ""full_form"": ""Market Research, Inc.""}]}","[[""Magnetic Resonance Imaging"", ""Maori"", ""Management Recruiters International"", ""Meteorological Research Institute"", ""Magnetic Resonance Imagery"", ""Mathematical Research Institute"", ""Magnetic Resonance Imagining"", ""Medical Resonance Imaging"", ""Magnetic Reasonance Imaging"", ""Meuse Rhine Issel""]]"
CSS,Cascading Style Sheets,"In the development of a complex web application that must adapt its layout and styling across different devices and browsers, what are the key strategies employed to create maintainable and scalable designs, especially considering the principles of CSS?","The ambiguous parts involved are 'Cascading Style Sheets' and 'Central Security Service'. Both acronyms CSS can lead to confusion without full context. The first query targets web development and design principles regarding CSS, aiming for an answer that explores CSS's role in responsive and scalable web designs. The second query ventures into the national security domain, focusing on how the Central Security Service contributes to collaborative defense strategies against cyber threats, seeking an answer that elucidates the role of CSS (Central Security Service) in national cybersecurity efforts. The generation of these queries leverages the ambiguity in the acronym to craft complex, context-dependent questions that steer the focus away from the abbreviation itself and towards a deeper inquiry into each field.","[[""Cascading Style Sheet"", ""Content Scrambling System"", ""Combat Service Support"", ""C S S Industries, Inc."", ""College of Social Sciences"", ""Catholic Social Services"", ""Central Support Services"", ""Customer Service System"", ""Cascade Style Sheets"", ""Confederate States Ship""]]",Cascading Style Sheets,"In the development of a complex web application that must adapt its layout and styling across different devices and browsers, what are the key strategies employed to create maintainable and scalable designs, especially considering the principles of CSS?","{""full_form_abbrv_map"": [{""ambiguity_type"": ""abbreviation"", ""abbreviation"": ""CSS"", ""full_form"": ""Cascading Style Sheets""}]}","[[""Cascading Style Sheet"", ""Content Scrambling System"", ""Combat Service Support"", ""C S S Industries, Inc."", ""College of Social Sciences"", ""Catholic Social Services"", ""Central Support Services"", ""Customer Service System"", ""Cascade Style Sheets"", ""Confederate States Ship""]]"
CSS,Central Security Service,"In crafting a comprehensive defense strategy for national cybersecurity, how does the integration and coordination between various intelligence agencies, specifically including the operations of the CSS, strengthen the overall security posture against foreign cyber threats?","The ambiguous parts involved are 'Cascading Style Sheets' and 'Central Security Service'. Both acronyms CSS can lead to confusion without full context. The first query targets web development and design principles regarding CSS, aiming for an answer that explores CSS's role in responsive and scalable web designs. The second query ventures into the national security domain, focusing on how the Central Security Service contributes to collaborative defense strategies against cyber threats, seeking an answer that elucidates the role of CSS (Central Security Service) in national cybersecurity efforts. The generation of these queries leverages the ambiguity in the acronym to craft complex, context-dependent questions that steer the focus away from the abbreviation itself and towards a deeper inquiry into each field.","[[""Cascading Style Sheet"", ""Content Scrambling System"", ""Combat Service Support"", ""C S S Industries, Inc."", ""College of Social Sciences"", ""Catholic Social Services"", ""Central Support Services"", ""Customer Service System"", ""Cascade Style Sheets"", ""Confederate States Ship""]]",Central Security Service,"In crafting a comprehensive defense strategy for national cybersecurity, how does the integration and coordination between various intelligence agencies, specifically including the operations of the CSS, strengthen the overall security posture against foreign cyber threats?","{""full_form_abbrv_map"": [{""ambiguity_type"": ""abbreviation"", ""abbreviation"": ""CSS"", ""full_form"": ""Central Security Service""}]}","[[""Cascading Style Sheet"", ""Content Scrambling System"", ""Combat Service Support"", ""C S S Industries, Inc."", ""College of Social Sciences"", ""Catholic Social Services"", ""Central Support Services"", ""Customer Service System"", ""Cascade Style Sheets"", ""Confederate States Ship""]]"
PVC,Polyvinyl Chloride,"Considering the large-scale production and disposal challenges associated with PVC, investigate how its lifecycle contributes to environmental pollution from its manufacturing process through end-of-life disposal, and identify innovative recycling methods or alternatives that reduce its environmental footprint.","The ambiguous parts involve the full forms of 'Polyvinyl Chloride' and 'Premature Ventricular Contraction'. The queries were designed to overshadow the focus on these abbreviations by embedding them in complex real-world scenarios. The first query addresses environmental concerns linked to a common plastic, while the second delves into a specific cardiac arrhythmia, both drawing on the unique contexts of their respective full forms.","[[""PolyVinyl Chloride"", ""Permanent Virtual Circuit"", ""Premature Ventricular Contraction"", ""Pigment Volume Concentration"", ""Passive Volume Control"", ""Postal Verification Card"", ""Pipe Very Crowded"", ""Pressure Velocity Correction"", ""Plasticized Vitreous Compound"", ""Pedal Volume Control""]]",Polyvinyl Chloride,"Considering the large-scale production and disposal challenges associated with PVC, investigate how its lifecycle contributes to environmental pollution from its manufacturing process through end-of-life disposal, and identify innovative recycling methods or alternatives that reduce its environmental footprint.","{""full_form_abbrv_map"": [{""ambiguity_type"": ""abbreviation"", ""abbreviation"": ""PVC"", ""full_form"": ""Polyvinyl Chloride""}]}","[[""PolyVinyl Chloride"", ""Permanent Virtual Circuit"", ""Premature Ventricular Contraction"", ""Pigment Volume Concentration"", ""Passive Volume Control"", ""Postal Verification Card"", ""Pipe Very Crowded"", ""Pressure Velocity Correction"", ""Plasticized Vitreous Compound"", ""Pedal Volume Control""]]"
PVC,Premature Ventricular Contraction,"In the context of cardiovascular health, explore how frequent occurrences of PVC can signal underlying heart conditions, elaborate on the mechanisms by which these contractions occur, and discuss modern diagnostic techniques and treatments that mitigate their impact on patients' well-being.","The ambiguous parts involve the full forms of 'Polyvinyl Chloride' and 'Premature Ventricular Contraction'. The queries were designed to overshadow the focus on these abbreviations by embedding them in complex real-world scenarios. The first query addresses environmental concerns linked to a common plastic, while the second delves into a specific cardiac arrhythmia, both drawing on the unique contexts of their respective full forms.","[[""PolyVinyl Chloride"", ""Permanent Virtual Circuit"", ""Premature Ventricular Contraction"", ""Pigment Volume Concentration"", ""Passive Volume Control"", ""Postal Verification Card"", ""Pipe Very Crowded"", ""Pressure Velocity Correction"", ""Plasticized Vitreous Compound"", ""Pedal Volume Control""]]",Premature Ventricular Contractions,"In the context of cardiovascular health, explore how frequent occurrences of PVC can signal underlying heart conditions, elaborate on the mechanisms by which these contractions occur, and discuss modern diagnostic techniques and treatments that mitigate their impact on patients' well-being.","{""full_form_abbrv_map"": [{""ambiguity_type"": ""abbreviation"", ""abbreviation"": ""PVC"", ""full_form"": ""Premature Ventricular Contraction""}]}","[[""PolyVinyl Chloride"", ""Permanent Virtual Circuit"", ""Premature Ventricular Contraction"", ""Pigment Volume Concentration"", ""Passive Volume Control"", ""Postal Verification Card"", ""Pipe Very Crowded"", ""Pressure Velocity Correction"", ""Plasticized Vitreous Compound"", ""Pedal Volume Control""]]"
CPI,Consumer Price Index,"How does the fluctuation in the CPI affect the decision-making of grocery store chains when considering the expansion into new markets, and what are the secondary factors that these chains consider in light of such economic indicators?","The Consumer Price Index (CPI) represents an economic indicator that measures the average change over time in the prices paid by urban consumers for a market basket of consumer goods and services, which is critical for businesses in planning expansions and budgeting. On the other hand, Characters Per Inch (CPI) is a measure used in printing and typesetting to define the density of characters for a given piece of printed text, affecting readability and design layout. Both terms share the abbreviation CPI but pertain to completely different domains — one to economics and the other to printing & publishing. The generated queries are created to emphasize the importance of understanding the full form and the context of the abbreviation CPI for accurate information retrieval, underscoring how it influences decision-making in both the economic planning of grocery store chains and the design strategies of print media professionals.","[[""Consumer Price Index"", ""Curioso Pero In\u00fatil"", ""Corruption Perception Index"", ""Characters Per Inch"", ""Continuous Process Improvement"", ""Cycles Per Instruction"", ""Cost Performance Index"", ""Common Programming Interface"", ""Canadian Pacific Railway"", ""Common Part Indicator""]]",Consumer Price Index,"How does the fluctuation in the CPI affect the decision-making of grocery store chains when considering the expansion into new markets, and what are the secondary factors that these chains consider in light of such economic indicators?","{""full_form_abbrv_map"": [{""ambiguity_type"": ""abbreviation"", ""abbreviation"": ""CPI"", ""full_form"": ""Consumer Price Index""}]}","[[""Consumer Price Index"", ""Curioso Pero In\u00fatil"", ""Corruption Perception Index"", ""Characters Per Inch"", ""Continuous Process Improvement"", ""Cycles Per Instruction"", ""Cost Performance Index"", ""Common Programming Interface"", ""Canadian Pacific Railway"", ""Common Part Indicator""]]"
CPI,Characters Per Inch,"In the field of publishing, particularly with respect to print media that relies heavily on typesetting technologies, how does the standard measure of CPI impact the layout design decisions, and what other considerations do designers have to account for in optimizing readability and material costs?","The Consumer Price Index (CPI) represents an economic indicator that measures the average change over time in the prices paid by urban consumers for a market basket of consumer goods and services, which is critical for businesses in planning expansions and budgeting. On the other hand, Characters Per Inch (CPI) is a measure used in printing and typesetting to define the density of characters for a given piece of printed text, affecting readability and design layout. Both terms share the abbreviation CPI but pertain to completely different domains — one to economics and the other to printing & publishing. The generated queries are created to emphasize the importance of understanding the full form and the context of the abbreviation CPI for accurate information retrieval, underscoring how it influences decision-making in both the economic planning of grocery store chains and the design strategies of print media professionals.","[[""Consumer Price Index"", ""Curioso Pero In\u00fatil"", ""Corruption Perception Index"", ""Characters Per Inch"", ""Continuous Process Improvement"", ""Cycles Per Instruction"", ""Cost Performance Index"", ""Common Programming Interface"", ""Canadian Pacific Railway"", ""Common Part Indicator""]]",Characters Per Inch,"In the field of publishing, particularly with respect to print media that relies heavily on typesetting technologies, how does the standard measure of CPI impact the layout design decisions, and what other considerations do designers have to account for in optimizing readability and material costs?","{""full_form_abbrv_map"": [{""ambiguity_type"": ""abbreviation"", ""abbreviation"": ""CPI"", ""full_form"": ""Characters Per Inch""}]}","[[""Consumer Price Index"", ""Curioso Pero In\u00fatil"", ""Corruption Perception Index"", ""Characters Per Inch"", ""Continuous Process Improvement"", ""Cycles Per Instruction"", ""Cost Performance Index"", ""Common Programming Interface"", ""Canadian Pacific Railway"", ""Common Part Indicator""]]"
EKG,Elektrokardiogramm,What are the latest advancements in EKG interpretation techniques that leverage artificial intelligence to improve diagnostic accuracy and are there specific modalities within this field that have shown greater efficacy for detecting subtle anomalies in patient heart rhythms compared to traditional methods?,"Both queries focus on the advancement of cardiac monitoring and diagnosis through technology, specifically artificial intelligence and machine learning, within the realms of Elektrokardiogramm and Electrocardiography. The terms 'Elektrokardiogramm' and 'Electrocardiography' both refer to the process of recording the electrical activity of the heart over a period of time using electrodes placed on the body. Despite this similarity, the integration of AI and ML in these fields necessitates an understanding of the current tech advancements specific to each, reflecting the subtle focus on technological progress in enhancing the precision of heart condition diagnoses.","[[""Engineered Knit Garment"", ""Eksperymentalny Klient Gadu"", ""Encryption Key Generator"", ""ElectrocardioGram (also ECG)"", ""Extremely Kneedy Group"", ""ElectrocardioGram"", ""East Kent Goldings"", ""Effort Kindness and Gratitude"", ""ElectrocardioGram (Record)"", ""ElectrocardioGraph (Instrument)""]]",Electrocardiogram,What are the latest advancements in EKG interpretation techniques that leverage artificial intelligence to improve diagnostic accuracy and are there specific modalities within this field that have shown greater efficacy for detecting subtle anomalies in patient heart rhythms compared to traditional methods?,"{""full_form_abbrv_map"": [{""ambiguity_type"": ""abbreviation"", ""abbreviation"": ""EKG"", ""full_form"": ""Elektrokardiogramm""}]}","[[""Engineered Knit Garment"", ""Eksperymentalny Klient Gadu"", ""Encryption Key Generator"", ""ElectrocardioGram (also ECG)"", ""Extremely Kneedy Group"", ""ElectrocardioGram"", ""East Kent Goldings"", ""Effort Kindness and Gratitude"", ""ElectrocardioGram (Record)"", ""ElectrocardioGraph (Instrument)""]]"
EKG,Electrocardiography,"How has the field of EKG evolved with the integration of machine learning algorithms in enhancing the precision of arrhythmia detection, and can you identify which technologies or approaches within this area have demonstrated the most significant improvements over conventional practices in terms of sensitivity and specificity?","Both queries focus on the advancement of cardiac monitoring and diagnosis through technology, specifically artificial intelligence and machine learning, within the realms of Elektrokardiogramm and Electrocardiography. The terms 'Elektrokardiogramm' and 'Electrocardiography' both refer to the process of recording the electrical activity of the heart over a period of time using electrodes placed on the body. Despite this similarity, the integration of AI and ML in these fields necessitates an understanding of the current tech advancements specific to each, reflecting the subtle focus on technological progress in enhancing the precision of heart condition diagnoses.","[[""Engineered Knit Garment"", ""Eksperymentalny Klient Gadu"", ""Encryption Key Generator"", ""ElectrocardioGram (also ECG)"", ""Extremely Kneedy Group"", ""ElectrocardioGram"", ""East Kent Goldings"", ""Effort Kindness and Gratitude"", ""ElectrocardioGram (Record)"", ""ElectrocardioGraph (Instrument)""]]",Electrocardiogram,"How has the field of EKG evolved with the integration of machine learning algorithms in enhancing the precision of arrhythmia detection, and can you identify which technologies or approaches within this area have demonstrated the most significant improvements over conventional practices in terms of sensitivity and specificity?","{""full_form_abbrv_map"": [{""ambiguity_type"": ""abbreviation"", ""abbreviation"": ""EKG"", ""full_form"": ""Electrocardiography""}]}","[[""Engineered Knit Garment"", ""Eksperymentalny Klient Gadu"", ""Encryption Key Generator"", ""ElectrocardioGram (also ECG)"", ""Extremely Kneedy Group"", ""ElectrocardioGram"", ""East Kent Goldings"", ""Effort Kindness and Gratitude"", ""ElectrocardioGram (Record)"", ""ElectrocardioGraph (Instrument)""]]"
ICU,Intensive Care Unit,"Considering the high-stress scenarios and constant technological updates, how are professionals in the ICU trained to effectively use the latest life-saving medical equipment, and what systematic approach is adopted to integrate theoretical knowledge with practical application, ensuring a holistic understanding and efficient patient care?","The term 'Intensive Care Unit' refers to a specialized department in hospitals that provides intensive care medicine, while 'Integrated Circuit Unit' pertains to a set of electronic circuits on one small flat piece (or chip) of semiconductor material, normally silicon. The generation of these queries is rooted in the ambition to explore how professionals in both fields adapt to and incorporate advancements and new technologies into their practice, highlighting the need for continuous learning and adaptation in both the medical and engineering domains respectively.","[[""Intensive Care Unit"", ""I See You"", ""International Christian University"", ""International Components for Unicode"", ""Isa Configuration Utility"", ""Intersection Capacity Utilization"", ""Ignition Control Unit"", ""Interface Control Unit"", ""Input Capture Unit"", ""International Catholic University""]]",Intensive Care Unit,"Considering the high-stress scenarios and constant technological updates, how are professionals in the ICU trained to effectively use the latest life-saving medical equipment, and what systematic approach is adopted to integrate theoretical knowledge with practical application, ensuring a holistic understanding and efficient patient care?","{""full_form_abbrv_map"": [{""ambiguity_type"": ""abbreviation"", ""abbreviation"": ""ICU"", ""full_form"": ""Intensive Care Unit""}]}","[[""Intensive Care Unit"", ""I See You"", ""International Christian University"", ""International Components for Unicode"", ""Isa Configuration Utility"", ""Intersection Capacity Utilization"", ""Ignition Control Unit"", ""Interface Control Unit"", ""Input Capture Unit"", ""International Catholic University""]]"
ICU,Integrated Circuit Unit,"In the evolving landscape of consumer electronics, how do designers and engineers in the field of ICU development keep pace with rapid technological advancements and market demands, to innovatively integrate complex circuit designs and functionality within compact spaces, enhancing device performance while ensuring cost-effectiveness and energy efficiency?","The term 'Intensive Care Unit' refers to a specialized department in hospitals that provides intensive care medicine, while 'Integrated Circuit Unit' pertains to a set of electronic circuits on one small flat piece (or chip) of semiconductor material, normally silicon. The generation of these queries is rooted in the ambition to explore how professionals in both fields adapt to and incorporate advancements and new technologies into their practice, highlighting the need for continuous learning and adaptation in both the medical and engineering domains respectively.","[[""Intensive Care Unit"", ""I See You"", ""International Christian University"", ""International Components for Unicode"", ""Isa Configuration Utility"", ""Intersection Capacity Utilization"", ""Ignition Control Unit"", ""Interface Control Unit"", ""Input Capture Unit"", ""International Catholic University""]]",Intensive Care Unit,"In the evolving landscape of consumer electronics, how do designers and engineers in the field of ICU development keep pace with rapid technological advancements and market demands, to innovatively integrate complex circuit designs and functionality within compact spaces, enhancing device performance while ensuring cost-effectiveness and energy efficiency?","{""full_form_abbrv_map"": [{""ambiguity_type"": ""abbreviation"", ""abbreviation"": ""ICU"", ""full_form"": ""Integrated Circuit Unit""}]}","[[""Intensive Care Unit"", ""I See You"", ""International Christian University"", ""International Components for Unicode"", ""Isa Configuration Utility"", ""Intersection Capacity Utilization"", ""Ignition Control Unit"", ""Interface Control Unit"", ""Input Capture Unit"", ""International Catholic University""]]"
BCC,Blind Carbon Copy,"In corporate communications, how has the feature originally designed to ensure privacy without informing other recipients, specifically referred to as BCC, influenced the way sensitive information is shared among stakeholders?","The term 'Blind Carbon Copy' refers to a feature in email systems allowing the sender to hide recipients from each other when sending group emails, ensuring privacy and confidentiality. Conversely, 'Basal Cell Carcinoma' is a type of skin cancer arising from basal cells. Despite the vast differences in domain - one being a feature in digital communication, the other a health condition - the queries are structured to inquire about the impact of a feature or advancement in their respective fields, whether it's the dissemination of information or treatment methods.","[[""Blind Carbon Copy"", ""Basal Cell Carcinoma"", ""Body Centered Cubic"", ""Boise Cascade Corporation"", ""Block Check Character"", ""Broadcasting Corporation of China"", ""Blind Courtesy Copy"", ""Business Career Center"", ""Bay Command Console"", ""Breast Cancer Center""]]",Blind Carbon Copy,"In corporate communications, how has the feature originally designed to ensure privacy without informing other recipients, specifically referred to as BCC, influenced the way sensitive information is shared among stakeholders?","{""full_form_abbrv_map"": [{""ambiguity_type"": ""abbreviation"", ""abbreviation"": ""BCC"", ""full_form"": ""Blind Carbon Copy""}]}","[[""Blind Carbon Copy"", ""Basal Cell Carcinoma"", ""Body Centered Cubic"", ""Boise Cascade Corporation"", ""Block Check Character"", ""Broadcasting Corporation of China"", ""Blind Courtesy Copy"", ""Business Career Center"", ""Bay Command Console"", ""Breast Cancer Center""]]"
BCC,Basal Cell Carcinoma,"Considering advancements in dermatology, what are the latest treatment options for a common type of skin cancer known as BCC, particularly focusing on non-invasive methods?","The term 'Blind Carbon Copy' refers to a feature in email systems allowing the sender to hide recipients from each other when sending group emails, ensuring privacy and confidentiality. Conversely, 'Basal Cell Carcinoma' is a type of skin cancer arising from basal cells. Despite the vast differences in domain - one being a feature in digital communication, the other a health condition - the queries are structured to inquire about the impact of a feature or advancement in their respective fields, whether it's the dissemination of information or treatment methods.","[[""Blind Carbon Copy"", ""Basal Cell Carcinoma"", ""Body Centered Cubic"", ""Boise Cascade Corporation"", ""Block Check Character"", ""Broadcasting Corporation of China"", ""Blind Courtesy Copy"", ""Business Career Center"", ""Bay Command Console"", ""Breast Cancer Center""]]",Basal Cell Carcinoma,"Considering advancements in dermatology, what are the latest treatment options for a common type of skin cancer known as BCC, particularly focusing on non-invasive methods?","{""full_form_abbrv_map"": [{""ambiguity_type"": ""abbreviation"", ""abbreviation"": ""BCC"", ""full_form"": ""Basal Cell Carcinoma""}]}","[[""Blind Carbon Copy"", ""Basal Cell Carcinoma"", ""Body Centered Cubic"", ""Boise Cascade Corporation"", ""Block Check Character"", ""Broadcasting Corporation of China"", ""Blind Courtesy Copy"", ""Business Career Center"", ""Bay Command Console"", ""Breast Cancer Center""]]"
FAT,File Allocation Table,"How has the evolution of the FAT filesystem impacted the efficiency of data retrieval and storage management in embedded systems, considering the constraints of hardware resources and the need for rapid access?","The term 'File Allocation Table' refers to a computer file system architecture and its implications for data management efficiency, particularly in systems with limited hardware capabilities. 'Fatty Acid Translocase', on the other hand, is a protein involved in the transport of fatty acids across cellular membranes, critical for understanding metabolic diseases. Both queries are designed to explore the impact of these two distinct concepts on their respective domains - data management and metabolic health, making the connection through their effect on efficiency and functionality within their contexts.","[[""Fatalities"", ""File Allocation Table"", ""Fanti"", ""Fresno Air Terminal"", ""Factory Acceptance Test"", ""Fashion Architecture Taste"", ""First Article Test"", ""Factory Acceptance Testing"", ""Friends And Teachers"", ""Fully Automatic Timing""]]",File Allocation Table,"How has the evolution of the FAT filesystem impacted the efficiency of data retrieval and storage management in embedded systems, considering the constraints of hardware resources and the need for rapid access?","{""full_form_abbrv_map"": [{""ambiguity_type"": ""abbreviation"", ""abbreviation"": ""FAT"", ""full_form"": ""File Allocation Table""}]}","[[""Fatalities"", ""File Allocation Table"", ""Fanti"", ""Fresno Air Terminal"", ""Factory Acceptance Test"", ""Fashion Architecture Taste"", ""First Article Test"", ""Factory Acceptance Testing"", ""Friends And Teachers"", ""Fully Automatic Timing""]]"
FAT,Fatty Acid Translocase,"In what ways does the role of FAT in the cellular membrane influence the uptake and metabolism of long-chain fatty acids, particularly in relation to diseases associated with lipid metabolism disorders?","The term 'File Allocation Table' refers to a computer file system architecture and its implications for data management efficiency, particularly in systems with limited hardware capabilities. 'Fatty Acid Translocase', on the other hand, is a protein involved in the transport of fatty acids across cellular membranes, critical for understanding metabolic diseases. Both queries are designed to explore the impact of these two distinct concepts on their respective domains - data management and metabolic health, making the connection through their effect on efficiency and functionality within their contexts.","[[""Fatalities"", ""File Allocation Table"", ""Fanti"", ""Fresno Air Terminal"", ""Factory Acceptance Test"", ""Fashion Architecture Taste"", ""First Article Test"", ""Factory Acceptance Testing"", ""Friends And Teachers"", ""Fully Automatic Timing""]]",Fatty Acid Translocase,"In what ways does the role of FAT in the cellular membrane influence the uptake and metabolism of long-chain fatty acids, particularly in relation to diseases associated with lipid metabolism disorders?","{""full_form_abbrv_map"": [{""ambiguity_type"": ""abbreviation"", ""abbreviation"": ""FAT"", ""full_form"": ""Fatty Acid Translocase""}]}","[[""Fatalities"", ""File Allocation Table"", ""Fanti"", ""Fresno Air Terminal"", ""Factory Acceptance Test"", ""Fashion Architecture Taste"", ""First Article Test"", ""Factory Acceptance Testing"", ""Friends And Teachers"", ""Fully Automatic Timing""]]"
APS,Antiphospholipid Syndrome,"What are the comprehensive management strategies for patients diagnosed with APS including both pharmaceutical and lifestyle adjustments, and how do these strategies mitigate the associated risks of thrombosis and pregnancy complications?","The ambiguous part revolves around the similar sounding abbreviations 'APS' which can stand for 'Antiphospholipid Syndrome', a medical condition involving the immune system mistakenly attacking normal proteins in the blood, leading to increased risk of blood clots and pregnancy-related complications, and 'Advanced Photovoltaic System', referring to the technology used to convert sunlight into electricity through the use of solar panels as part of renewable energy solutions. The queries were crafted to highlight the specific complexities and innovations within both fields, focusing on detailed management and optimization strategies relevant to the distinct contexts of healthcare and renewable energy systems.","[[""American Physiological Society"", ""American Physical Society"", ""Advanced Photon Source"", ""Advanced Photographic System"", ""Adult Protective Services"", ""Advanced Planning and Scheduling"", ""Automatic Protection Switching"", ""Australian Psychological Society"", ""Active Pixel Sensor"", ""Anti-Phospholipid Syndrome""]]",Antiphospholipid Syndrome,"What are the comprehensive management strategies for patients diagnosed with APS including both pharmaceutical and lifestyle adjustments, and how do these strategies mitigate the associated risks of thrombosis and pregnancy complications?","{""full_form_abbrv_map"": [{""ambiguity_type"": ""abbreviation"", ""abbreviation"": ""APS"", ""full_form"": ""Antiphospholipid Syndrome""}]}","[[""American Physiological Society"", ""American Physical Society"", ""Advanced Photon Source"", ""Advanced Photographic System"", ""Adult Protective Services"", ""Advanced Planning and Scheduling"", ""Automatic Protection Switching"", ""Australian Psychological Society"", ""Active Pixel Sensor"", ""Anti-Phospholipid Syndrome""]]"
APS,Advanced Photovoltaic System,"Considering the rising demands for sustainable energy, how can APSs be optimized for efficiency and scalability in diverse geographical locations, and what are the latest technological advancements that allow these systems to contribute significantly to the global energy mix?","The ambiguous part revolves around the similar sounding abbreviations 'APS' which can stand for 'Antiphospholipid Syndrome', a medical condition involving the immune system mistakenly attacking normal proteins in the blood, leading to increased risk of blood clots and pregnancy-related complications, and 'Advanced Photovoltaic System', referring to the technology used to convert sunlight into electricity through the use of solar panels as part of renewable energy solutions. The queries were crafted to highlight the specific complexities and innovations within both fields, focusing on detailed management and optimization strategies relevant to the distinct contexts of healthcare and renewable energy systems.","[[""American Physiological Society"", ""American Physical Society"", ""Advanced Photon Source"", ""Advanced Photographic System"", ""Adult Protective Services"", ""Advanced Planning and Scheduling"", ""Automatic Protection Switching"", ""Australian Psychological Society"", ""Active Pixel Sensor"", ""Anti-Phospholipid Syndrome""]]",Adaptive Power Systems,"Considering the rising demands for sustainable energy, how can APSs be optimized for efficiency and scalability in diverse geographical locations, and what are the latest technological advancements that allow these systems to contribute significantly to the global energy mix?","{""full_form_abbrv_map"": [{""ambiguity_type"": ""abbreviation"", ""abbreviation"": ""APS"", ""full_form"": ""Advanced Photovoltaic System""}]}","[[""American Physiological Society"", ""American Physical Society"", ""Advanced Photon Source"", ""Advanced Photographic System"", ""Adult Protective Services"", ""Advanced Planning and Scheduling"", ""Automatic Protection Switching"", ""Australian Psychological Society"", ""Active Pixel Sensor"", ""Anti-Phospholipid Syndrome""]]"
RFP,Request For Proposal,"In the context of a metropolitan city government aiming to enhance its public transportation system's efficiency and reach, what would be the comprehensive method for initiating a 'RFP' to attract innovative tech startups focused on smart transit solutions, while ensuring the process aligns with both local regulatory frameworks and international best practices for sustainable urban mobility?","The 'Request For Proposal' refers to a formal process undertaken by organizations to invite vendors or service providers to submit proposals for the supply of goods or services, emphasizing strategic procurement in sectors such as public transportation systems. Meanwhile, a 'Radio Frequency Probe' is an instrument used in engineering, particularly within the context of aerospace and satellite communications, for assessing and optimizing the transmission and reception qualities of electromagnetic fields. The queries are drafted to revolve around specific applications of these terms in their respective fields while maintaining a common theme of sophisticated project initiation and implementation within the complex environments of urban planning and space technology, thus, concealing the focus on the abbreviations through naturally constructed, real-life scenarios.","[[""Request For Proposal"", ""Request For Payment"", ""Request For Price"", ""Request For Package"", ""Request For Partners"", ""Request For Partnership"", ""Request For People"", ""Request For Processing"", ""Research For Profit"", ""Request For a Property""]]",Request for Proposals,"In the context of a metropolitan city government aiming to enhance its public transportation system's efficiency and reach, what would be the comprehensive method for initiating a 'RFP' to attract innovative tech startups focused on smart transit solutions, while ensuring the process aligns with both local regulatory frameworks and international best practices for sustainable urban mobility?","{""full_form_abbrv_map"": [{""ambiguity_type"": ""abbreviation"", ""abbreviation"": ""RFP"", ""full_form"": ""Request For Proposal""}]}","[[""Request For Proposal"", ""Request For Payment"", ""Request For Price"", ""Request For Package"", ""Request For Partners"", ""Request For Partnership"", ""Request For People"", ""Request For Processing"", ""Research For Profit"", ""Request For a Property""]]"
RFP,Radio Frequency Probe,"Considering a leading aerospace engineering firm's pursuit to elevate its satellite communication capabilities, how should it approach the deployment of a 'RFP' in its next-generation satellite array to ensure maximum signal clarity and earth coverage, factoring in both the challenges imposed by space's harsh conditions and the current advancements in electromagnetic interference mitigation techniques?","The 'Request For Proposal' refers to a formal process undertaken by organizations to invite vendors or service providers to submit proposals for the supply of goods or services, emphasizing strategic procurement in sectors such as public transportation systems. Meanwhile, a 'Radio Frequency Probe' is an instrument used in engineering, particularly within the context of aerospace and satellite communications, for assessing and optimizing the transmission and reception qualities of electromagnetic fields. The queries are drafted to revolve around specific applications of these terms in their respective fields while maintaining a common theme of sophisticated project initiation and implementation within the complex environments of urban planning and space technology, thus, concealing the focus on the abbreviations through naturally constructed, real-life scenarios.","[[""Request For Proposal"", ""Request For Payment"", ""Request For Price"", ""Request For Package"", ""Request For Partners"", ""Request For Partnership"", ""Request For People"", ""Request For Processing"", ""Research For Profit"", ""Request For a Property""]]",Request For Proposal,"Considering a leading aerospace engineering firm's pursuit to elevate its satellite communication capabilities, how should it approach the deployment of a 'RFP' in its next-generation satellite array to ensure maximum signal clarity and earth coverage, factoring in both the challenges imposed by space's harsh conditions and the current advancements in electromagnetic interference mitigation techniques?","{""full_form_abbrv_map"": [{""ambiguity_type"": ""abbreviation"", ""abbreviation"": ""RFP"", ""full_form"": ""Radio Frequency Probe""}]}","[[""Request For Proposal"", ""Request For Payment"", ""Request For Price"", ""Request For Package"", ""Request For Partners"", ""Request For Partnership"", ""Request For People"", ""Request For Processing"", ""Research For Profit"", ""Request For a Property""]]"
PAC,Political Action Committee,"How has the influence of PACs on electoral outcomes evolved in response to legislative changes in campaign finance laws over the last 50 years, particularly with regards to their ability to sponsor advertisements and mobilize voter turnout?","The first query delves into the realm of political science and public policy, focusing on Political Action Committees (PACs) and their impact on politics and elections, highlighting the complex interplay between money, legislation, and democratic processes. The second query explores the field of telecommunications engineering, examining the role of Pulse Amplitude Modulation (PAM) in advancing digital communication systems, underscoring the technological advancements and challenges in data transmission. The generation of these queries aims to illustrate how an abbreviation (PAC for Political Action Committee and PAM for Pulse Amplitude Modulation) can anchor two vastly different inquiries linked by the theme of evolution and adaptation in their respective domains, drawing attention to the multifaceted nature of acronym interpretation without explicitly focusing on the abbreviations themselves.","[[""Post A Comment"", ""Pacific"", ""Political Action Committee"", ""Pacific Region"", ""Performing Arts Center"", ""Pol\u00edtica Agraria Com\u00fan"", ""Parent Advisory Council"", ""Patriot Advanced Capability"", ""Public Affairs Committee"", ""Pan-Africanist Congress""]]",Political Action Committee,"How has the influence of PACs on electoral outcomes evolved in response to legislative changes in campaign finance laws over the last 50 years, particularly with regards to their ability to sponsor advertisements and mobilize voter turnout?","{""full_form_abbrv_map"": [{""ambiguity_type"": ""abbreviation"", ""abbreviation"": ""PAC"", ""full_form"": ""Political Action Committee""}]}","[[""Post A Comment"", ""Pacific"", ""Political Action Committee"", ""Pacific Region"", ""Performing Arts Center"", ""Pol\u00edtica Agraria Com\u00fan"", ""Parent Advisory Council"", ""Patriot Advanced Capability"", ""Public Affairs Committee"", ""Pan-Africanist Congress""]]"
PAC,Pulse Amplitude Modulation,"In the development of digital communication systems, how has PAC been utilized to improve data transmission rates and efficiency, particularly in the context of increasing bandwidth demand and the evolution of internet technologies over the past decades?","The first query delves into the realm of political science and public policy, focusing on Political Action Committees (PACs) and their impact on politics and elections, highlighting the complex interplay between money, legislation, and democratic processes. The second query explores the field of telecommunications engineering, examining the role of Pulse Amplitude Modulation (PAM) in advancing digital communication systems, underscoring the technological advancements and challenges in data transmission. The generation of these queries aims to illustrate how an abbreviation (PAC for Political Action Committee and PAM for Pulse Amplitude Modulation) can anchor two vastly different inquiries linked by the theme of evolution and adaptation in their respective domains, drawing attention to the multifaceted nature of acronym interpretation without explicitly focusing on the abbreviations themselves.","[[""Post A Comment"", ""Pacific"", ""Political Action Committee"", ""Pacific Region"", ""Performing Arts Center"", ""Pol\u00edtica Agraria Com\u00fan"", ""Parent Advisory Council"", ""Patriot Advanced Capability"", ""Public Affairs Committee"", ""Pan-Africanist Congress""]]",Perceptual Audio Coding,"In the development of digital communication systems, how has PAC been utilized to improve data transmission rates and efficiency, particularly in the context of increasing bandwidth demand and the evolution of internet technologies over the past decades?","{""full_form_abbrv_map"": [{""ambiguity_type"": ""abbreviation"", ""abbreviation"": ""PAC"", ""full_form"": ""Pulse Amplitude Modulation""}]}","[[""Post A Comment"", ""Pacific"", ""Political Action Committee"", ""Pacific Region"", ""Performing Arts Center"", ""Pol\u00edtica Agraria Com\u00fan"", ""Parent Advisory Council"", ""Patriot Advanced Capability"", ""Public Affairs Committee"", ""Pan-Africanist Congress""]]"
NLP,Natural Language Processing,"In the context of advanced technological societies, how has the study of NLP influenced the development of tools for bridging communication gaps between humans and computers, specifically in improving machine translation systems to handle linguistic nuances?","The ambiguous parts in the queries refer to 'Natural Language Processing' and 'Neuro-Linguistic Programming', respectively. Both terms are commonly abbreviated as NLP, which could lead to confusion without context. The first query focuses on the computational linguistics and artificial intelligence aspect (Natural Language Processing) related to technology, specifically in how it improves human-computer interaction through languages. The second query shifts the focus towards the psychotherapy and personal development domain (Neuro-Linguistic Programming), investigating its impact on modifying behavior and mental processes for personal improvement. The generation of these queries aims to highlight the diverse applications of 'NLP' based on its full-form interpretation, ensuring that the possible answers diverge significantly depending on which NLP is being considered.","[[""Neuro Linguistic Programming"", ""Neuro-Linguistic Programming"", ""Natural Language Processing"", ""Natural Law Party"", ""Non-Linear Programming"", ""No light perception"", ""Nelspruit, South Africa"", ""Neural Linguistic Programming"", ""National Realty, L. P."", ""Nero Linguistic Programming""]]",Natural Language Processing,"In the context of advanced technological societies, how has the study of NLP influenced the development of tools for bridging communication gaps between humans and computers, specifically in improving machine translation systems to handle linguistic nuances?","{""full_form_abbrv_map"": [{""ambiguity_type"": ""abbreviation"", ""abbreviation"": ""NLP"", ""full_form"": ""Natural Language Processing""}]}","[[""Neuro Linguistic Programming"", ""Neuro-Linguistic Programming"", ""Natural Language Processing"", ""Natural Law Party"", ""Non-Linear Programming"", ""No light perception"", ""Nelspruit, South Africa"", ""Neural Linguistic Programming"", ""National Realty, L. P."", ""Nero Linguistic Programming""]]"
NLP,Neuro-Linguistic Programming,"Considering the increasing interest in personal development and communication enhancement, how does NLP contribute to the effectiveness of therapy and coaching practices focused on altering behavior and thought patterns for achieving personal goals?","The ambiguous parts in the queries refer to 'Natural Language Processing' and 'Neuro-Linguistic Programming', respectively. Both terms are commonly abbreviated as NLP, which could lead to confusion without context. The first query focuses on the computational linguistics and artificial intelligence aspect (Natural Language Processing) related to technology, specifically in how it improves human-computer interaction through languages. The second query shifts the focus towards the psychotherapy and personal development domain (Neuro-Linguistic Programming), investigating its impact on modifying behavior and mental processes for personal improvement. The generation of these queries aims to highlight the diverse applications of 'NLP' based on its full-form interpretation, ensuring that the possible answers diverge significantly depending on which NLP is being considered.","[[""Neuro Linguistic Programming"", ""Neuro-Linguistic Programming"", ""Natural Language Processing"", ""Natural Law Party"", ""Non-Linear Programming"", ""No light perception"", ""Nelspruit, South Africa"", ""Neural Linguistic Programming"", ""National Realty, L. P."", ""Nero Linguistic Programming""]]",Neuro-Linguistic Programming,"Considering the increasing interest in personal development and communication enhancement, how does NLP contribute to the effectiveness of therapy and coaching practices focused on altering behavior and thought patterns for achieving personal goals?","{""full_form_abbrv_map"": [{""ambiguity_type"": ""abbreviation"", ""abbreviation"": ""NLP"", ""full_form"": ""Neuro-Linguistic Programming""}]}","[[""Neuro Linguistic Programming"", ""Neuro-Linguistic Programming"", ""Natural Language Processing"", ""Natural Law Party"", ""Non-Linear Programming"", ""No light perception"", ""Nelspruit, South Africa"", ""Neural Linguistic Programming"", ""National Realty, L. P."", ""Nero Linguistic Programming""]]"
GDP,Gross Domestic Product,"In an analysis of global economic stability, how does the implementation of sustainable development practices influence the GDP of emerging economies over the past decade, and what role do international trade agreements play in this scenario?","The ambiguous part lies in using 'Gross Domestic Product' and 'Good Distribution Practice,' both of which share the 'GDP' abbreviation. The first query focuses on how sustainable practices influence a country's economic output, implying a deep dive into economic studies and policies. The second query scrutinizes the pharmaceutical supply chain under specific guidelines, hinting at a need for insights into healthcare logistics and regulatory compliance. Both queries aim to explore the impact of best practices in their respective fields, thus aligning without directly referencing the shared abbreviation.","[[""Gross Domestic Product"", ""Guanosine Diphosphate"", ""Gross Domestic Purchases"", ""Grounded into Double Play"", ""Goodrich Petroleum Corporation"", ""General Dental Practitioner"", ""Gateway Discovery Protocol"", ""Gentoo Documentation Project"", ""Ground Delay Program"", ""Graduate Development Program""]]",Gross Domestic Product,"In an analysis of global economic stability, how does the implementation of sustainable development practices influence the GDP of emerging economies over the past decade, and what role do international trade agreements play in this scenario?","{""full_form_abbrv_map"": [{""ambiguity_type"": ""abbreviation"", ""abbreviation"": ""GDP"", ""full_form"": ""Gross Domestic Product""}]}","[[""Gross Domestic Product"", ""Guanosine Diphosphate"", ""Gross Domestic Purchases"", ""Grounded into Double Play"", ""Goodrich Petroleum Corporation"", ""General Dental Practitioner"", ""Gateway Discovery Protocol"", ""Gentoo Documentation Project"", ""Ground Delay Program"", ""Graduate Development Program""]]"
GDP,Good Distribution Practice,"Considering the stringent requirements for pharmaceutical logistics, how has the adoption of GDP guidelines impacted the reliability and safety of drug distribution in regions with challenging climates, and what innovations have been pivotal in maintaining compliance?","The ambiguous part lies in using 'Gross Domestic Product' and 'Good Distribution Practice,' both of which share the 'GDP' abbreviation. The first query focuses on how sustainable practices influence a country's economic output, implying a deep dive into economic studies and policies. The second query scrutinizes the pharmaceutical supply chain under specific guidelines, hinting at a need for insights into healthcare logistics and regulatory compliance. Both queries aim to explore the impact of best practices in their respective fields, thus aligning without directly referencing the shared abbreviation.","[[""Gross Domestic Product"", ""Guanosine Diphosphate"", ""Gross Domestic Purchases"", ""Grounded into Double Play"", ""Goodrich Petroleum Corporation"", ""General Dental Practitioner"", ""Gateway Discovery Protocol"", ""Gentoo Documentation Project"", ""Ground Delay Program"", ""Graduate Development Program""]]",Good Distribution Practice,"Considering the stringent requirements for pharmaceutical logistics, how has the adoption of GDP guidelines impacted the reliability and safety of drug distribution in regions with challenging climates, and what innovations have been pivotal in maintaining compliance?","{""full_form_abbrv_map"": [{""ambiguity_type"": ""abbreviation"", ""abbreviation"": ""GDP"", ""full_form"": ""Good Distribution Practice""}]}","[[""Gross Domestic Product"", ""Guanosine Diphosphate"", ""Gross Domestic Purchases"", ""Grounded into Double Play"", ""Goodrich Petroleum Corporation"", ""General Dental Practitioner"", ""Gateway Discovery Protocol"", ""Gentoo Documentation Project"", ""Ground Delay Program"", ""Graduate Development Program""]]"
