instruction,answer,question
Answer this question truthfully,Open-angle glaucoma is painless.,What is a characteristic of open-angle glaucoma?
Answer this question truthfully,"Some signs of a leukemoid reaction include basophilic peripherally located ""döhle bodies"" in neutrophils, toxic granulation, and cytoplasmic vacuoles.",What are some signs of a leukemoid reaction?
Answer this question truthfully,Non-bacterial thrombotic endocarditis is a condition characterized by the formation of sterile vegetations on heart valves. This condition can be caused by a hypercoagulable state or an underlying adenocarcinoma.,What is non-bacterial thrombotic endocarditis and what are its possible causes?
Answer this question truthfully,"Osteogenesis imperfecta is a genetic disorder that affects the bones, causing them to be brittle and prone to fracture. A common presenting symptom associated with it is blue sclerae, which is due to translucent connective tissue over choroidal veins.","What is osteogenesis imperfecta, and what is a common presenting symptom associated with it?"
Answer this question truthfully,"Disorders of primary hemostasis present with symptoms of skin bleeding, such as ecchymoses (> 1 cm). Primary hemostasis refers to the initial formation of a platelet plug at the site of injury to prevent bleeding. Disorders of primary hemostasis can result in bleeding disorders, which can manifest as skin bleeding such as petechiae (small, pinpoint spots) or ecchymoses (larger, flat bruises). Some examples of disorders of primary hemostasis include von Willebrand disease, thrombocytopenia, and platelet dysfunction. Treatment of these disorders typically involves addressing the underlying cause and may include medications to increase platelet count or function.",What is an example of a skin bleeding symptom that may be associated with disorders of primary hemostasis?
Answer this question truthfully,"The poliovirus vaccine that forms both IgG and IgA antibodies is the Sabin vaccine.

The Sabin vaccine, also known as the oral polio vaccine (OPV), is a type of vaccine that is administered orally and contains a weakened form of the poliovirus. This vaccine is highly effective at providing immunity to the poliovirus and forms both IgG and IgA antibodies. IgG antibodies are responsible for providing long-term protection against the virus, while IgA antibodies are found in the mucous membranes of the body and are responsible for preventing the virus from entering the body through these membranes. In contrast to the Salk vaccine, which is administered by injection and forms mainly IgG antibodies, the Sabin vaccine forms both IgG and IgA antibodies and is considered to provide better protection against polio in areas where the virus is still endemic.",Which poliovirus vaccine forms both IgG and IgA antibodies?
Answer this question truthfully,"Pneumonia is a respiratory infection that can cause inflammation in the lungs, leading to a range of symptoms. The clinical features of pneumonia include a productive cough, which means coughing up mucus or phlegm from the lungs. The sputum produced during pneumonia may be yellow-green or rusty-colored, which is due to the presence of pus and blood, respectively. Other symptoms of pneumonia may include fever, chills, chest pain, shortness of breath, fatigue, and muscle aches. Treatment for pneumonia typically involves antibiotics to fight the infection, as well as supportive care such as rest, fluids, and over-the-counter medications to manage symptoms. It is important for individuals with pneumonia to receive prompt medical treatment to prevent complications and speed up recovery.",What are the clinical features of pneumonia?
Answer this question truthfully,"The Epstein-Barr Virus is primarily transmitted through saliva or respiratory secretions. This means that the virus is most commonly spread through activities such as kissing, sharing drinks or utensils, or coughing and sneezing. While the Epstein-Barr Virus is highly contagious, not everyone who is exposed to the virus will develop symptoms or become sick. Understanding how the Epstein-Barr Virus is transmitted is important for preventing the spread of the virus and reducing the risk of infection.",What are the primary modes of transmission for the Epstein-Barr Virus?
Answer this question truthfully,"While IUDs are generally considered safe and effective for birth control, there are some potential complications that can occur. One rare complication is uterine perforation, which can happen when the IUD is inserted or removed. Uterine perforation occurs when the IUD punctures the wall of the uterus, which can cause pain, bleeding, and other complications. Other potential complications of IUD use may include expulsion of the device, infection, or pelvic inflammatory disease. It is important to discuss the potential risks and benefits of any birth control method with a healthcare provider before making a decision.",What are some potential complications of using an IUD for birth control?
Answer this question truthfully,"Glucagon increases blood glucose concentration by increasing gluconeogenesis via decreased production of fructose-2,6-bisphosphate.","What is the mechanism by which glucagon increases blood glucose concentration, and how does this relate to the production of fructose-2,6-bisphosphate?"
Answer this question truthfully,The recommended screening test for detecting the early stages of diabetic nephropathy is a urine test for microalbumin:creatinine ratio.,What is the recommended screening test for detecting the early stages of diabetic nephropathy?
Answer this question truthfully,"Metronidazole is an antibiotic medication that is used to treat a variety of infections caused by anaerobic bacteria, particularly those below the diaphragm such as in the abdomen, pelvis, and genital area. This includes infections such as bacterial vaginosis, pelvic inflammatory disease, and certain types of colitis. Metronidazole works by disrupting the DNA of the bacteria, which prevents them from reproducing and eventually leads to their death. It is also sometimes used in combination with other antibiotics to treat more severe infections or to prevent infections in people undergoing certain medical procedures.",What is metronidazole and for what type of infections is it commonly used to treat?
Answer this question truthfully,Pseudomonas produces a similar toxin that has the same mechanism of action as the C. diphtheriae toxin.,Which organism produces a toxin that shares the same mechanism of action as the toxin produced by C. diphtheriae?
Answer this question truthfully,Thrombolytics are contraindicated in patients with any signs of active bleeds.,"In which group of patients are thrombolytics contraindicated, and what condition should be absent in these patients?"
Answer this question truthfully,"Yes, postrenal azotemia can lead to a decreased GFR. Postrenal azotemia is a condition where there is a blockage in the urinary tract, which can prevent the kidneys from properly filtering waste products from the blood. The GFR is a measure of how well the kidneys are filtering waste products from the blood. In postrenal azotemia, the blockage in the urinary tract can cause a decrease in the GFR. This can lead to symptoms such as decreased urine output, fluid retention, and electrolyte imbalances. Treatment for postrenal azotemia may involve removing the blockage in the urinary tract, such as through the use of a catheter or surgery, and providing supportive care to help improve kidney function.","Does postrenal azotemia have an effect on GFR (glomerular filtration rate)? If so, what is the effect?"
Answer this question truthfully,"It is recommended for all children between the ages of 3 and 5 to have at least one vision screening. This is because early detection and treatment of vision problems can help prevent long-term vision issues and improve a child's overall development and academic performance. During a vision screening, a healthcare professional will check for common vision problems such as nearsightedness, farsightedness, and astigmatism. If a problem is detected, the child may be referred for further evaluation and treatment by an eye doctor.",At what age is it recommended for children to have a vision screening?
Answer this question truthfully,What is the first line treatment for organic impotence? The first line treatment for organic impotence is PDE-5 inhibitors.,What is the first line treatment for organic impotence?
Answer this question truthfully,Direct hernias pass directly through the abdominal wall through the transversalis muscle.,What is the path of direct hernias through the abdominal wall?
Answer this question truthfully,The action of PTH on osteoclasts is indirect and is mediated by cytokines released from osteoblasts.,"How does PTH's action on osteoclasts occur, and what mediates this action?"
Answer this question truthfully,"Levothyroxine and Triiodothyronine are synthetic forms of thyroid hormones that are commonly used to treat thyroid disorders. Levothyroxine is a synthetic form of T4, which is the main hormone produced by the thyroid gland. Triiodothyronine is a synthetic form of T3, which is a more potent form of thyroid hormone that is produced in smaller amounts by the thyroid gland. The abbreviations T4 and T3 refer to the number of iodine atoms present in the hormone molecule.","What are the synthetic forms of thyroid hormones known as Levothyroxine and Triiodothyronine, and what are their respective abbreviations?"
Answer this question truthfully,"Tracheal toxin is produced by Bordetella pertussis and functions to damage ciliated epithelial tissue. This toxin is a virulence factor produced by the bacterium responsible for causing pertussis (whooping cough). Tracheal toxin damages the cells lining the respiratory tract, including the cilia that help to move mucus and other debris out of the lungs. This can lead to inflammation and respiratory symptoms, such as coughing, that are characteristic of pertussis.",What is the source of production and function of tracheal toxin?
Answer this question truthfully,,
Answer this question truthfully,"Glycogen phosphorylase is an enzyme that plays a key role in glycogen metabolism by catalyzing the breakdown of glycogen into glucose-1-phosphate. Specifically, it cleaves glucose residues off branched glycogen molecules until only four glucose units remain on a branch. This process is known as glycogenolysis and is important for providing a source of glucose for energy production during times of fasting or exercise. Glycogen phosphorylase is regulated by a number of factors, including hormones such as glucagon and adrenaline, which stimulate its activity, and glucose, which inhibits it.",What is the role of glycogen phosphorylase in glycogen metabolism? How does it liberate glucose residues from branched glycogen molecules?
Answer this question truthfully,"Tension pneumothorax can cause kinking of the IVC, which is a large vein that carries deoxygenated blood from the lower body back to the heart. This can result in a decreased cardiac output, which is the amount of blood pumped by the heart per minute. The decreased cardiac output can lead to symptoms such as low blood pressure, decreased urine output, and altered mental status. Prompt diagnosis and treatment of tension pneumothorax is important to prevent further complications and improve outcomes.",How can tension pneumothorax affect the function of the inferior vena cava (IVC) and cardiac output?
Answer this question truthfully,"Lochia is a term used to describe the normal vaginal discharge that occurs in the postpartum period, typically lasting for several weeks after childbirth. This discharge may contain blood, mucus, and other fluids as the uterus sheds its lining and heals from the trauma of childbirth. The amount and duration of lochia can vary from person to person, and may be affected by factors such as the mode of delivery (vaginal or cesarean), the size of the baby, and the overall health of the mother. While lochia is a normal part of the postpartum recovery process, it is important to monitor for signs of infection or other complications, such as heavy bleeding or foul-smelling discharge, which may require medical attention.","What is lochia, and how is it related to vaginal discharge during the postpartum period?"
Answer this question truthfully,The middle and lower lobes of the lungs are commonly affected by primary infection of Mycobacterium tuberculosis.,Which lobes of the lungs are commonly affected by primary infection of Mycobacterium tuberculosis?
Answer this question truthfully,Patients with Buerger disease often experience Raynaud's phenomenon.,What is the common phenomenon that patients with Buerger disease often experience?
Answer this question truthfully,Vibrio cholerae is a comma-shaped rod that grows on alkaline media in the Gram Negative Algorithm.,Which comma-shaped rod grows on alkaline media in the Gram Negative Algorithm?
Answer this question truthfully,"Warfarin has a slow onset of action, taking days to become effective.","Which anticoagulant has a slow onset of action, taking days to become effective - warfarin or heparin?"
Answer this question truthfully,"Irritative bladder is a medical condition that refers to inflammation of the bladder. It is characterized by symptoms such as frequent urination, urgency, and pain or discomfort in the bladder area. Irritative bladder can be caused by a variety of factors, including infection, trauma, or certain medical conditions. Treatment for irritative bladder may include medications, lifestyle changes, or other therapies, depending on the underlying cause and severity of the symptoms.",What is irritative bladder and what does it refer to?
Answer this question truthfully,"The recommended approach for managing severe lead poisoning in children is to use a combination of dimercaprol and EDTA.

Lead poisoning is a serious condition that can cause a range of health problems, particularly in children. In cases of severe lead poisoning, with blood lead levels of 70 mcg/dL or higher on venous blood testing, prompt treatment is necessary to prevent long-term complications. The recommended approach for managing severe lead poisoning in children is to use a combination of dimercaprol and EDTA. Dimercaprol is a chelating agent that helps to remove lead from the body, while EDTA is a medication that binds to lead and helps to eliminate it through the urine. The combination of these two medications is effective at reducing blood lead levels and preventing further damage to the body. However, it is important to note that treatment for lead poisoning should be tailored to the individual patient and may involve other interventions, such as nutritional support, monitoring for complications, and follow-up testing. In general, the key to managing severe lead poisoning in children is early detection and prompt treatment with appropriate medications and interventions.",What is the recommended approach for managing severe lead poisoning (≥ 70 mcg/dL on venous blood testing) in children?
Answer this question truthfully,DNA synthesis is reduced upon bioactivation of 5FU (now 5-FdUMP) and covalent complex formation with thymidylate synthase and folic acid.,What happens to DNA synthesis upon bioactivation of 5FU (now 5-FdUMP) and covalent complex formation with thymidylate synthase and folic acid?
Answer this question truthfully,The pathogen that is the most common cause of acute infectious bloody diarrhea in the absence of fever and is transmitted via undercooked meat is called E. coli O157:H7.,Which pathogen is the most common cause of acute infectious bloody diarrhea in the absence of fever and is transmitted via undercooked meat?
Answer this question truthfully,The ventral posteromedial (VPM) nucleus of the thalamus projects to the primary somatosensory cortex.,To which area does the ventral posteromedial (VPM) nucleus of the thalamus project?
Answer this question truthfully,"Pulse pressure and stroke volume are both important indicators of cardiovascular function, and they are closely related to each other. Pulse pressure refers to the difference between systolic and diastolic blood pressure, while stroke volume is the amount of blood pumped out of the heart with each beat. The relationship between pulse pressure and stroke volume is direct, meaning that as stroke volume increases, pulse pressure also increases, and vice versa. This is because a larger stroke volume leads to a greater force of blood flow through the arteries, which in turn causes a higher pulse pressure. However, it is important to note that an excessively high pulse pressure can be a sign of cardiovascular disease, and may increase the risk of heart attack, stroke, or other complications. Therefore, maintaining a healthy balance between pulse pressure and stroke volume is crucial for maintaining cardiovascular health and preventing disease.","What is the relationship between pulse pressure and stroke volume, and how do they influence each other in the cardiovascular system?"
Answer this question truthfully,"What are some of the most common pathological changes that may be seen on a biopsy of a patient with giant cell (temporal) arteritis, such as the presence of intimal fibrosis, and how can these findings be interpreted in the context of other clinical and imaging data to help diagnose and classify the disease? Additionally, what are some of the treatment options available for managing giant cell arteritis, and how can these interventions be tailored to the specific needs and circumstances of each patient, such as age, overall health, and comorbidities?","What are some of the typical histological findings that may be observed on a biopsy of a patient with giant cell (temporal) arteritis, and how can these findings be used to help diagnose and manage this condition?"
Answer this question truthfully,Blood pressure typically decreases during early pregnancy.,What is the effect of early pregnancy on blood pressure?
Answer this question truthfully,"No, daily antibiotic suppression is not routinely given to pregnant patients with suspected asymptomatic bacteriuria before urine culture. Asymptomatic bacteriuria is a condition in which bacteria are present in the urine but do not cause any symptoms. Pregnant women are at an increased risk of developing asymptomatic bacteriuria, which can lead to more serious infections if left untreated. However, the use of antibiotics for prophylaxis is not recommended before a urine culture is performed to confirm the presence of bacteria. Instead, treatment is typically initiated only after a positive urine culture result. Antibiotic selection and duration of treatment will depend on the type of bacteria identified and the patient's individual circumstances.",Is daily antibiotic suppression routinely given to pregnant patients with suspected asymptomatic bacteriuria before urine culture?
Answer this question truthfully,"Bacterial pili and fimbria are small, hair-like structures on the surface of some bacteria that allow them to adhere to surfaces and attach to other bacteria for conjugation (exchange genetic information - sex). These structures are made up of proteins and can vary in size and shape depending on the type of bacteria. Bacterial pili and fimbria are important for the survival and spread of bacterial populations, and they play a key role in the development of bacterial infections. Understanding the mechanisms of bacterial adhesion and conjugation is important for the development of new treatments and strategies to control bacterial infections.","What are bacterial pili and fimbria, and what is their role in bacterial adhesion and conjugation?"
Answer this question truthfully,"Porcelain gallbladder is a condition in which the gallbladder becomes shrunken and hard due to chronic inflammation, fibrosis, and dystrophic calcification. Chronic inflammation can cause the gallbladder to become thickened and scarred, while fibrosis involves the formation of excess connective tissue. Dystrophic calcification refers to the abnormal deposition of calcium salts within the gallbladder, which can contribute to its hard, brittle texture. Over time, these processes can cause the gallbladder to lose its normal function and increase the risk of complications such as gallbladder cancer.","What causes porcelain gallbladder to become shrunken and hard, and what are the specific processes involved?"
Answer this question truthfully,"Waterhouse-Friderichsen syndrome classically follows disseminated intravascular coagulation (DIC) in young children with Neisseria meningitidis infection. Waterhouse-Friderichsen syndrome is a rare but life-threatening condition that occurs when the adrenal glands are damaged by hemorrhagic necrosis, typically caused by an infection. In young children, this condition is commonly associated with N. meningitidis infection, which can lead to septic shock, DIC, and multiple organ failure. Symptoms of Waterhouse-Friderichsen syndrome may include fever, chills, rapid heartbeat, low blood pressure, and skin rash. Treatment typically involves aggressive management of the underlying infection, along with supportive care to manage symptoms and prevent complications.",What is the classic presentation of Waterhouse-Friderichsen syndrome in young children and what infection is commonly associated with it?
Answer this question truthfully,,
Answer this question truthfully,Staphylococcus aureus is the most common cause of septic arthritis in adults.,What type of arthritis is Staphylococcus aureus the most common cause of in adults?
Answer this question truthfully,The equation used to calculate cardiac output given a patient's stroke volume and heart rate is CO = SV x HR.,What is the equation used to calculate cardiac output given a patient's stroke volume and heart rate?
Answer this question truthfully,"Individuals with sickle cell disease or sickle cell trait may experience microhematuria due to medullary infarcts. Medullary infarcts are areas of tissue damage in the kidney's medulla (the inner part of the kidney), which can be caused by sickle cells blocking blood vessels. This can lead to blood in the urine, or microhematuria. While microhematuria is not typically a serious condition, it can be a sign of underlying kidney damage or other health issues, so it is important to consult a healthcare provider if you experience this symptom.",What is a possible cause of microhematuria in individuals with sickle cell disease or sickle cell trait?
Answer this question truthfully,NSAIDs should not be used for treatment of gout in patients taking anticoagulants.,In which patients should NSAIDs not be used for treatment of gout?
Answer this question truthfully,The treatment for symptomatic hypocalcemia is intravenous administration of calcium gluconate.,What is the treatment for symptomatic hypocalcemia?
Answer this question truthfully,"No, bronchioloalveolar carcinoma is not typically associated with smoking. While smoking is a major risk factor for many types of lung cancer, including squamous cell carcinoma and small cell carcinoma, it is not a significant risk factor for bronchioloalveolar carcinoma. Instead, this type of lung cancer is more commonly associated with genetic mutations and abnormal growth of cells in the lungs. However, it is important to note that smoking can still increase the risk of developing other types of lung cancer, as well as other respiratory and cardiovascular diseases.",Is there a correlation between bronchioloalveolar carcinoma and smoking?
Answer this question truthfully,What wave on an ECG corresponds with the end of rapid ventricular ejection? The end of rapid ventricular ejection corresponds with the onset of the T wave on ECG.,What wave on an ECG corresponds with the end of rapid ventricular ejection?
Answer this question truthfully,"Prematurity is considered the most significant risk factor for developing cerebral palsy. Babies who are born prematurely, before 37 weeks of gestation, are at higher risk for cerebral palsy due to the increased likelihood of brain injury or damage during development. Other risk factors for cerebral palsy include low birth weight, multiple births (such as twins or triplets), and infections during pregnancy. While not all cases of cerebral palsy can be prevented, it is important to receive proper prenatal care and to manage any medical conditions that may increase the risk of complications during pregnancy. Additionally, early intervention and treatment can help improve outcomes for children with cerebral palsy.",Which factor is considered the most significant risk for developing cerebral palsy?
Answer this question truthfully,"The corpus callosum forms from front to back, with the rostrum forming last, and is usually complete by 20 weeks of gestation. Hypoplasia of the corpus callosum typically involves the absence of the splenium while the genu remains intact. The splenium is the portion of the corpus callosum located at the back of the brain, and its absence is the most common form of corpus callosum hypoplasia. The corpus callosum is a structure that connects the two hemispheres of the brain and allows for communication between them.",What is the process of formation of the corpus callosum? Which portion is usually affected in cases of corpus callosum hypoplasia?
Answer this question truthfully,"Secondary dysmenorrhea is menstrual pain that is caused by an underlying medical condition. Some conditions that can cause secondary dysmenorrhea include endometriosis, adenomyosis, fibroids, or pelvic inflammatory disease (PID). Unlike primary dysmenorrhea, which is caused by the normal hormonal changes of the menstrual cycle, secondary dysmenorrhea requires medical evaluation and treatment of the underlying condition in order to relieve the pain.","What is secondary dysmenorrhea, and what are some conditions that can cause it?"
Answer this question truthfully,"Cholangiocarcinoma is a type of cancer that affects the bile ducts. When it obstructs the biliary tree, it can cause a number of symptoms. One of the most common symptoms is jaundice, which is characterized by yellowing of the skin and eyes. In addition to jaundice, cholangiocarcinoma obstructing the biliary tree may present with light-colored stools and dark urine. This is because the obstruction prevents the bile from reaching the small intestine, which can lead to a decrease in the amount of bile in the stool and an increase in the amount of bilirubin in the urine. Other symptoms that may be present include abdominal pain, weight loss, and fatigue. If you are experiencing any of these symptoms, it is important to see a doctor for an evaluation.",What are the symptoms that may be present in a person with cholangiocarcinoma obstructing the biliary tree?
Answer this question truthfully,The most common cause of bladder outlet obstruction in male infants is posterior urethral valves.,What is the most common cause of bladder outlet obstruction in male infants?
Answer this question truthfully,Calcium oxalate is the type of kidney stone that may result from ethylene glycol ingestion.,Which type of kidney stone can be caused by the ingestion of ethylene glycol (antifreeze)?
Answer this question truthfully,"Displaced scaphoid fractures are typically managed with surgical intervention. This may involve the use of screws or other hardware to stabilize the fracture and promote healing. Surgery may be recommended for displaced fractures because they have a higher risk of non-union, which can lead to long-term complications such as arthritis. After surgery, the patient may need to wear a cast or splint for several weeks to allow for proper healing. It is important for patients with scaphoid fractures to work closely with their healthcare provider to ensure appropriate management and follow-up care.",What is the recommended management approach for displaced scaphoid fractures?
Answer this question truthfully,"The likely etiology of hypercalcemia and hyperphosphatemia in this case is immobilization. Immobilization can lead to bone resorption and release of calcium and phosphorus into the bloodstream, resulting in hypercalcemia and hyperphosphatemia. This is particularly common in patients who are immobilized for extended periods of time, such as those with spinal cord injuries or other conditions that limit mobility. The release of calcium and phosphorus from bone can also lead to the formation of calcium phosphate crystals in soft tissues, causing symptoms such as joint pain and skin calcifications. Treatment for immobilization-induced hypercalcemia and hyperphosphatemia may involve measures to increase mobility and weight-bearing activity, as well as medications to lower serum calcium and phosphorus levels.","In a patient who develops symptoms of hypercalcemia and hyperphosphatemia 4 weeks after a severe motor vehicle accident that left the patient a quadriplegic, what is the likely etiology?"
Answer this question truthfully,"What is the first line treatment for acute angle-closure glaucoma? The first line treatment for acute angle-closure glaucoma includes β-blocker, α2 agonist (eye drops), and a systemic carbonic anhydrase inhibitor (such as acetazolamide).",What is the first line treatment for acute angle-closure glaucoma?
Answer this question truthfully,The name of the dermatologic lesion is Plaque.,What is the name of the dermatologic lesion that is a papule larger than 1 cm in size?
Answer this question truthfully,"ALP, GGT, conjugated hyperbilirubinemia, and immune proteins (IgM) may be elevated in individuals with PBC and PSC.",What laboratory values may be elevated in individuals with PBC and PSC?
Answer this question truthfully,Tocolytics are given until 34 weeks gestational age in the management of preterm labor.,What is the gestational age limit for the administration of tocolytics in the management of preterm labor?
Answer this question truthfully,"Landau-Kleffner syndrome is a rare neurological disorder that is characterized by the regression of language skills in children between the ages of 3 and 6 due to severe epileptic attacks. Children with Landau-Kleffner syndrome may initially develop normally and acquire language skills, but then experience a sudden loss of language ability and may become unable to understand or produce language. Other symptoms of Landau-Kleffner syndrome can include seizures, behavioral problems, and difficulty with social interaction. The cause of Landau-Kleffner syndrome is not well understood and there is no known cure, but treatment may involve antiepileptic medications, speech therapy, and other supportive therapies.",What is Landau-Kleffner syndrome and what are its defining features?
Answer this question truthfully,"The recommended gestational age for delivery in cases of preeclampsia without severe features is 37 weeks. In contrast, for cases of preeclampsia with severe features, delivery is typically recommended at 34 weeks. This is because preeclampsia with severe features can pose significant risks to both the mother and fetus, and early delivery may be necessary to prevent further complications. However, the timing and method of delivery may depend on a variety of factors, including the severity of the preeclampsia, the health of the mother and fetus, and the preferences of the patient and healthcare provider. As such, it is important for women with preeclampsia to receive ongoing monitoring and care from a qualified healthcare provider.","What are the recommended gestational ages for delivery in cases of preeclampsia, and how do they differ depending on the presence or absence of severe features?"
Answer this question truthfully,Infection with HPV increases the risk of vulvar cancer.,What type of infection increases the risk of vulvar cancer?
Answer this question truthfully,"The name of the syndrome that is characterized by a triad of recurrent aphthous ulcers, genital ulcers, and uveitis is Behçet syndrome. This is a rare condition that can cause a variety of symptoms, including painful sores in the mouth and genitals, inflammation of the eyes, and skin rashes. The exact cause of Behçet syndrome is not known, but it is thought to be related to an abnormal immune response. Treatment for Behçet syndrome can include medications to control inflammation and relieve symptoms, as well as lifestyle changes to help manage the condition. While there is no cure for Behçet syndrome, many people with the condition are able to manage their symptoms and lead full, active lives.","What is the name of the syndrome that is characterized by a triad of recurrent aphthous ulcers, genital ulcers, and uveitis?"
Answer this question truthfully,Hemolytic uremic syndrome is characterized by renal failure concurrent with microangiopathic hemolytic anemia and thrombocytopenia.,What are the clinical features of hemolytic uremic syndrome?
Answer this question truthfully,"The empiric treatment for meningitis typically involves the use of antibiotics, with ceftriaxone and vancomycin being the most commonly used. Meningitis is a serious condition that involves inflammation of the membranes that surround the brain and spinal cord. It can be caused by a variety of infectious agents, including bacteria, viruses, and fungi. Empiric treatment refers to the initial treatment given before the specific cause of the infection is identified. In cases of bacterial meningitis, ceftriaxone and vancomycin are often used together to provide broad-spectrum coverage against the most common causative organisms, including Streptococcus pneumoniae and Neisseria meningitidis. The specific choice of antibiotics may vary depending on factors such as the patient's age, medical history, and the local prevalence of different bacterial strains.",What is the empiric treatment for meningitis and which antibiotics are commonly used?
Answer this question truthfully,"The presence of discrete areas of functional ""hot"" nodules after radioactive iodine (I-131) uptake is suggestive of toxic multinodular goiter. This is a condition in which the thyroid gland develops multiple nodules that produce excessive amounts of thyroid hormone, leading to hyperthyroidism. The nodules may be visible or palpable in the neck, and symptoms may include weight loss, rapid heartbeat, nervousness, and sweating. Treatment for toxic multinodular goiter may involve medications to control the production of thyroid hormone, radioactive iodine therapy to shrink the nodules, or surgery to remove part or all of the thyroid gland.","What medical condition is suggested by the presence of discrete areas of functional ""hot"" nodules after radioactive iodine (I-131) uptake?"
Answer this question truthfully,What conditions can euvolemic hyponatremia be suggestive of? Euvolemic hyponatremia is suggestive of SIADH or hypothyroidism.,What conditions can euvolemic hyponatremia be suggestive of?
Answer this question truthfully,The rabies virus (rhabdovirus) is the virus that commonly causes these symptoms.,"What virus, commonly transmitted by bats and raccoons, causes symptoms such as dysphagia, muscle spasms, and coma?"
Answer this question truthfully,Endometriosis is a medical condition characterized by the abnormal placement of endometrial glands and stroma outside the endometrial lining/cavity.,What is endometriosis and what happens in this condition?
Answer this question truthfully,"The protein that is expressed by a maternal allele and is commonly used to diagnose partial moles is p57. Partial moles are abnormal growths that can occur during pregnancy, and they are characterized by an abnormal number of chromosomes. Because they arise from fertilization of an egg by two sperm, rather than one sperm and one egg, they contain genetic material from both the mother and the father. However, in partial moles, the paternal genetic material is usually overrepresented, which leads to abnormal development of the placenta and fetus. Testing for p57 expression can help distinguish partial moles from other types of pregnancy-related growths, such as complete moles or hydatidiform moles, which have different genetic and clinical features.",What protein is expressed by a maternal allele and is commonly used to diagnose partial moles?
Answer this question truthfully,Distributive shock caused by CNS injury typically leads to a decreased cardiac output.,What is the effect of CNS injury on cardiac output during distributive shock?
Answer this question truthfully,"Valproic acid is an anti-epileptic that may cause GI distress, as well as pancreatitis, as potential adverse effects.","What are the potential adverse effects associated with the use of Valproic acid as an anti-epileptic, and specifically what types of symptoms may occur in the gastrointestinal system?"
Answer this question truthfully,"Vitamin D2 can be obtained from plants. Specifically, Vitamin D2 is synthesized by plants when they are exposed to ultraviolet light, and it can be found in some types of mushrooms. Vitamin D2 can also be obtained through fortified foods such as cereals and plant-based milks. However, the body may not absorb Vitamin D2 as efficiently as it does Vitamin D3, which is primarily obtained through exposure to sunlight or consumption of animal-based products such as fatty fish, egg yolks, and liver.",From what source can Vitamin D2 be obtained?
Answer this question truthfully,"Fusiform aneurysms are associated with polyarteritis nodosa, connective tissue disorders, or syphilis. They are more common in the posterior circulation. They can mimic cerebellopontine angle (CPA) masses.",With which diseases are fusiform aneurysms associated? Are they more common in the anterior or posterior circulation? What can they mimic?
Answer this question truthfully,"Sickle cell disease is typically associated with high levels of bilirubin, which is a breakdown product of red blood cells. This is due to the shortened lifespan of sickle cells, which are more prone to hemolysis (bursting) than normal red blood cells. In addition, people with sickle cell disease often have low levels of hemoglobin, which is the protein in red blood cells that carries oxygen throughout the body. This is because sickle cells are less efficient at carrying oxygen than normal red blood cells. Finally, sickle cell disease is also associated with high levels of reticulocytes, which are immature red blood cells that are released by the bone marrow in response to anemia (low hemoglobin levels). The high reticulocyte count is a reflection of the bone marrow's attempt to compensate for the anemia by producing more red blood cells.","What are the typical laboratory findings associated with sickle cell disease in terms of bilirubin, hemoglobin, and reticulocyte count?"
Answer this question truthfully,"Chronic HBV infection, or hepatitis B virus infection, is a viral infection that affects the liver. In some cases, this infection can persist for more than six months and lead to chronic liver disease. One of the potential complications of chronic HBV infection is the development of cirrhosis, which is a condition in which the liver becomes scarred and damaged over time. This can impair the liver's ability to function properly and lead to a range of symptoms, including jaundice, fatigue, and abdominal swelling. Treatment for chronic HBV infection typically involves antiviral medications to reduce viral replication and slow the progression of liver damage. In some cases, liver transplantation may be necessary to treat advanced cirrhosis.",What is the relationship between chronic HBV infection and cirrhosis?
Answer this question truthfully,Patients with Asherman syndrome will present with decreased fertility.,What is a common presentation of fertility in patients with Asherman syndrome?
Answer this question truthfully,Tetralogy of Fallot is a congenital heart disease that is characterized by: 1. Pulmonary stenosis 2. Right ventricular hypertrophy 3. Overriding aorta 4. Ventricular septal defect (VSD),"What are the four characteristic features of Tetralogy of Fallot, a congenital heart disease?"
Answer this question truthfully,,
Answer this question truthfully,The treatment for a rib fracture includes a local nerve block with intercostal nerve injections and the use of an epidural catheter for pain management.,What is the treatment for a rib fracture?
Answer this question truthfully,"The condition that is suggested by the presence of a smooth, non-tender abdominal mass in a child aged 2-5 that does not cross the midline and is associated with hematuria and hypertension is Wilms tumor (nephroblastoma). Wilms tumor is a type of kidney cancer that primarily affects children and is typically diagnosed between the ages of 2 and 5. It is important to consult with a healthcare professional for a proper diagnosis and management of symptoms.","What condition is suggested by the presence of a smooth, non-tender abdominal mass in a child aged 2-5 that does not cross the midline and is associated with hematuria and hypertension?"
Answer this question truthfully,"The preferred glucose test for general use is the fasting plasma glucose (FPG) test. This test measures the level of glucose in the bloodstream after an overnight fast of at least 8 hours. The FPG test is commonly used to screen for prediabetes and diabetes, as well as to monitor blood sugar control in individuals with diabetes. A normal FPG level is less than 100 mg/dL, while a level of 100-125 mg/dL may indicate prediabetes, and a level of 126 mg/dL or higher on two separate occasions is diagnostic of diabetes. However, in certain situations, such as during pregnancy or in individuals with symptoms of hypoglycemia, other glucose tests such as the oral glucose tolerance test may be preferred.",What is the preferred glucose test for general use?
Answer this question truthfully,"Cirrhosis can lead to coagulopathies, which are disorders of blood clotting, due to decreased synthesis of clotting factors in the liver. The liver is responsible for producing many of the proteins involved in blood clotting, and when it becomes damaged or scarred as in cirrhosis, this function may be impaired. As a result, patients with cirrhosis may be at increased risk for bleeding and bruising, even from minor injuries. This can be a serious complication, particularly if the bleeding occurs in the gastrointestinal tract or brain. Treatment for coagulopathies in cirrhosis may involve medications to promote clotting, blood transfusions, or procedures such as endoscopy to control bleeding.",What is the potential complication of cirrhosis due to decreased synthesis of clotting factors?
Answer this question truthfully,"Probenecid is a medication that is used to treat gout by increasing the excretion of uric acid from the body. It does this by inhibiting the organic anion transporters (OAT) and urate transporters (URAT) in the proximal tubule of the kidney. These transporters are responsible for reabsorbing uric acid and other substances from the urine back into the body. By inhibiting them, probenecid prevents the reabsorption of uric acid and increases its excretion in the urine. This can help to reduce uric acid levels and prevent gout attacks. However, it can also lead to side effects such as kidney damage or dysfunction, especially in patients with pre-existing kidney problems. Patients taking probenecid should be monitored closely for any signs of kidney problems and may need to adjust their dosage or switch to a different medication if necessary.","What specific parts of the kidney does probenecid inhibit, and what are their functions?"
Answer this question truthfully,Toxoplasmosis prophylaxis in HIV patients should be started at CD4 counts less than 100 with the medication TMP-SMX (trimethoprim-sulfamethoxazole). Toxoplasmosis is an opportunistic infection caused by the parasite Toxoplasma gondii and can cause severe disease in immunocompromised individuals such as those with HIV. CD4 count is a measure of immune function and a count of less than 100 cells/mm3 indicates severe immunosuppression. TMP-SMX is a medication that is effective in preventing toxoplasmosis and is commonly used for prophylaxis in HIV patients with low CD4 counts.,"At what CD4 count should toxoplasmosis prophylaxis be started in HIV patients, and what is the recommended prophylactic medication?"
Answer this question truthfully,"Iron deficiency anemia is a condition in which the body does not have enough iron to produce hemoglobin, resulting in a decreased ability to carry oxygen in the blood. One characteristic feature of iron deficiency anemia is the presence of hypochromic red blood cells.

Red blood cells contain hemoglobin, which is responsible for carrying oxygen in the blood. Hemoglobin is made up of heme, which contains iron, and globin, which is a protein. In iron deficiency anemia, the body does not have enough iron to produce adequate amounts of heme, resulting in red blood cells that are smaller and paler in color than normal. These hypochromic red blood cells are less efficient at carrying oxygen, which can lead to symptoms such as fatigue, weakness, and shortness of breath.

Other laboratory findings in iron deficiency anemia may include low hemoglobin and hematocrit levels, low serum iron levels, low ferritin levels, and an increased Total Iron Binding Capacity (TIBC). However, the diagnosis of iron deficiency anemia is not based on laboratory findings alone and must be confirmed by a healthcare provider.

If you are experiencing symptoms of anemia or have concerns about your iron levels, it is important to speak with your healthcare provider. They can perform tests to determine the cause of your anemia and recommend appropriate treatment.",What is a characteristic feature of the red blood cells in iron deficiency anemia?
Answer this question truthfully,"Polyethylene glycol (PEG) is an osmotic laxative. It works by drawing water into the colon, which softens the stool and makes it easier to pass. Because PEG is a non-absorbable sugar, it remains in the colon and does not enter the bloodstream. This makes it a safe and effective option for treating constipation. PEG is available over-the-counter and by prescription, and is commonly used for short-term relief of constipation. If you are experiencing constipation, it is important to speak with your healthcare provider to determine the best treatment options for your individual needs.",What type of laxative is polyethylene glycol (PEG) and how does it work?
Answer this question truthfully,"The management options for acute dystonia secondary to antipsychotic medications may include administration of an anticholinergic medication, such as benztropine, or an antihistamine medication, such as diphenhydramine. Anticholinergics can help to reduce muscle spasms and other symptoms of dystonia by blocking the action of acetylcholine, a neurotransmitter that plays a role in muscle contraction. Antihistamines may also be effective in treating acute dystonia, as they can help to reduce inflammation and swelling in the affected area. The specific management approach will depend on the individual patient and the severity of their symptoms. It is important to work closely with a healthcare provider to determine the most appropriate course of treatment.",What are the management options for acute dystonia secondary to antipsychotic medications?
Answer this question truthfully,"When exposed to ionizing radiation, such as X-rays or gamma rays, atoms and molecules in the body can become ionized and generate free radicals. One of the ways in which this occurs is through the hydrolysis of water, which is a common component of the body's tissues. When water is ionized by the radiation, it can produce highly reactive hydroxyl radicals (OH-), which can cause damage to DNA, proteins, and other cellular components. This pathologic generation of free radicals is thought to play a role in the development of radiation-induced tissue damage, such as radiation sickness, skin burns, and cancer.","How does the pathologic generation of free radicals occur with ionizing radiation, and what role does the hydrolysis of water play in this process?"
Answer this question truthfully,"What is the specific substance within bone that bisphosphonates bind to, and what is the mechanism by which this binding inhibits osteoclast activity?","What is the binding target of bisphosphonates in bone, and how does this binding lead to the inhibition of osteoclast activity?"
Answer this question truthfully,"Insulin-like growth factor 1 (IGF-1) is low in Growth Hormone deficiency. Growth Hormone (GH) is a hormone produced by the pituitary gland that stimulates the liver to produce IGF-1. IGF-1 is an important mediator of the growth-promoting effects of GH. In individuals with Growth Hormone deficiency, there is a lack of stimulation of the liver to produce IGF-1, resulting in low levels of this hormone. Measurement of IGF-1 levels is a useful tool in the diagnosis and management of Growth Hormone deficiency, as it reflects the degree of GH deficiency and can be used to monitor the response to GH replacement therapy.",How is insulin-like growth factor 1 (IGF-1) affected in individuals with Growth Hormone deficiency?
Answer this question truthfully,"What is the effect of exercise or muscle contraction on GLUT4 expression in the body? Exercise/muscle contraction upregulate GLUT4 expression in muscle tissue only, allowing for glucose to meet metabolic demand.",What is the effect of exercise or muscle contraction on GLUT4 expression in the body?
Answer this question truthfully,The dorsal spinocerebellar and cuneocerebellar tracts enter the cerebellum via the inferior cerebellar peduncle.,Through what structure do the dorsal spinocerebellar and cuneocerebellar tracts enter the cerebellum?
Answer this question truthfully,Risperidone is the second-generation antipsychotic that is most likely to cause extrapyramidal symptoms.,"Among the second-generation antipsychotics, which one is most likely to cause extrapyramidal symptoms?"
Answer this question truthfully,Enterotoxigenic E. coli is transmitted by water sources.,Which type of E. coli is transmitted by water sources?
Answer this question truthfully,"Miller Fisher Syndrome is a rare variant of Guillain-Barré Syndrome that is characterized by a triad of clinical features: ophthalmoplegia (paralysis of the eye muscles), cerebellar ataxia (difficulty with coordination and balance), and areflexia (absent reflexes). While it shares some similarities with Guillain-Barré Syndrome, Miller Fisher Syndrome is a distinct variant with its own set of symptoms and diagnostic criteria. The presence of the triad of clinical features is often used to diagnose Miller Fisher Syndrome.","What are the clinical features of Miller Fisher Syndrome, and how does it differ from Guillain-Barré Syndrome?"
Answer this question truthfully,Aspirin inhibits cyclooxygenase via irreversible covalent acetylation.,How does aspirin inhibit cyclooxygenase?
Answer this question truthfully,"The polypeptide product produced by togaviruses is cleaved via viral proteases. Togaviruses are a group of RNA viruses that are responsible for a variety of diseases in humans and animals, including chikungunya fever and rubella. These viruses produce a single polypeptide product that must be cleaved into multiple functional proteins in order to replicate and produce new virus particles. This cleavage is carried out by viral proteases, which are enzymes that specifically recognize and cleave the polypeptide product at specific sites. The cleavage of the polypeptide product is essential for the replication of the virus, and understanding this process is important for the development of antiviral therapies.",How is the polypeptide product produced by togaviruses cleaved?
Answer this question truthfully,The recommended treatment for dysplastic changes seen on EGD is local ablation methods.,What is the recommended treatment if dysplastic changes are observed during an esophagogastroduodenoscopy (EGD)?
Answer this question truthfully,"Unlike DCIS, LCIS typically does not present with calcifications on mammogram.",What is the difference between the appearance of lobular carcinoma in situ (LCIS) and ductal carcinoma in situ (DCIS) on mammogram?
Answer this question truthfully,Phase I of succinylcholine-induced neuromuscular blockade is characterized as prolonged depolarization.,What is the characteristic feature of Phase I of succinylcholine-induced neuromuscular blockade?
Answer this question truthfully,"Intussusception is a medical condition in which one segment of the intestine invaginates into another segment, resulting in compromised blood supply to the affected area. This can cause symptoms such as intermittent abdominal pain and ""currant jelly"" stool, which is a mixture of blood and mucus that is often described as resembling currant jelly. The abdominal pain may be severe and colicky in nature, and may be accompanied by vomiting, fever, and lethargy. Intussusception is a medical emergency and requires prompt diagnosis and treatment to prevent serious complications such as bowel perforation and sepsis. Treatment may involve manual reduction of the intussusception, or in some cases, surgery.","What are the symptoms of intussusception, and how are they caused?"
Answer this question truthfully,"In the ETC, the F0/F1 ATP Synthase pump allows protons to travel down their gradient, generating ATP and heat as a result.","What is the role of the F0/F1 ATP Synthase pump in the electron transport chain (ETC), and what are the products generated as a result of the protons traveling down their gradient through this pump?"
Answer this question truthfully,"In emphysema, the DLCO is usually decreased.",What is the usual effect of emphysema on the DLCO?
Answer this question truthfully,"Behçet syndrome is a rare autoimmune disorder that causes inflammation in various parts of the body, including the mouth, eyes, skin, and genital area. The exact cause of Behçet syndrome is not known, but it is believed to occur due to a combination of genetic and environmental factors. The syndrome occurs due to immune-complex vasculitis involving primarily small vessels, which can lead to a range of symptoms, including painful sores in the mouth and genital area, eye inflammation, joint pain, and skin rashes. Treatment for Behçet syndrome typically involves medications to manage symptoms and reduce inflammation, as well as lifestyle changes to help manage the condition.",What is Behçet syndrome and what causes it?
Answer this question truthfully,"5-fluorouracil inhibits the activity of thymidylate synthase, an enzyme required for the synthesis of thymidine, a building block of DNA.",Which enzyme activity is suppressed by 5-fluorouracil?
Answer this question truthfully,Calcium pyrophosphate crystals (associated with pseudogout) appear blue when viewed under parallel light.,"When viewed under parallel light, what is the color of calcium pyrophosphate crystals (which are associated with pseudogout)?"
Answer this question truthfully,"Bacterial vaginosis (Gardnerella vaginalis infection) is the cause of vaginitis that is characterized by a thin, white discharge with a fishy odor and no vaginal inflammation.","Which cause of vaginitis is characterized by a thin, white discharge with a fishy odor and no vaginal inflammation?"
Answer this question truthfully,A murmur due to patent ductus arteriosus (PDA) is best heard in the left infraclavicular area of the chest.,In which area of the chest is a murmur due to patent ductus arteriosus (PDA) best heard?
Answer this question truthfully,"The overall effect of cortisol on the body is catabolic. This means that it promotes the breakdown of complex molecules, such as proteins and fats, into simpler components that can be used for energy. Cortisol also plays a role in the regulation of many physiological processes, including the immune response, glucose metabolism, and blood pressure. Additionally, cortisol is involved in the body's response to stress, and can have both beneficial and detrimental effects on health depending on the level and duration of exposure.",What is the overall effect of cortisol on the body?
Answer this question truthfully,Aortic regurgitation.,"Which valvular defect is commonly associated with a hyperdynamic pulse, such as bounding or ""water hammer"" pulses?"
Answer this question truthfully,"To diagnose somatic symptom and illness anxiety disorder, the symptoms must persist for at least 6 months. Somatic symptom and illness anxiety disorder are mental health conditions characterized by excessive worry or preoccupation with physical symptoms or the possibility of having a serious illness. To be diagnosed with these disorders, a person must have persistent symptoms that cause distress or impairment in daily functioning for at least 6 months. Additionally, the symptoms cannot be fully explained by a medical condition or substance use. Diagnosis of these disorders typically involves a thorough evaluation by a mental health professional, including a physical exam and psychological assessment.",How long of a time frame is required to diagnose somatic symptom and illness anxiety disorder?
Answer this question truthfully,ST-segment depression and/or T-wave inversion are common ECG findings in unstable angina.,Which ECG abnormalities are commonly associated with unstable angina?
Answer this question truthfully,"Koplik spots are bluish-white lesions that appear on the buccal mucosa (inner lining of the cheeks) and are pathognomonic for measles. Measles is a highly contagious viral infection that is characterized by fever, cough, runny nose, and a rash that spreads from the face to the rest of the body. Koplik spots are named after the American pediatrician Henry Koplik, who first described them in 1896.",What are Koplik spots and what condition are they pathognomonic for?
Answer this question truthfully,Freckles (ephelides) appear darker than the surrounding skin due to an increased number of melanosomes.,What is the reason behind freckles (ephelides) appearing darker than the surrounding skin?
Answer this question truthfully,"Patients with anorexia nervosa commonly present with bradycardia, hypotension, and decreased bowel sounds.","What are some common clinical features seen in patients with anorexia nervosa, including changes in cardiovascular function and bowel sounds?"
Answer this question truthfully,"The gastrointestinal tract from the lower esophagus to the proximal duodenum develops from the foregut.

During embryonic development, the foregut is one of the three primary germ layers that give rise to the various tissues and organs of the body. The foregut gives rise to a variety of structures, including the esophagus, stomach, pancreas, liver, and the upper portion of the small intestine, which includes the duodenum.

The gastrointestinal tract from the lower esophagus to the proximal duodenum develops from the foregut as a result of a process called gut tube formation. During this process, the endodermal lining of the foregut invaginates to form the gut tube. The gut tube then differentiates into the various segments of the gastrointestinal tract, including the lower esophagus, stomach, and duodenum.

In summary, the gastrointestinal tract from the lower esophagus to the proximal duodenum is derived from the foregut during embryonic development.",What is the embryological origin of the gastrointestinal tract from the lower esophagus to the proximal duodenum?
Answer this question truthfully,"Aminoglycosides cause acute tubular necrosis, a specific type of nephrotoxicity.",What specific type of nephrotoxicity is caused by aminoglycosides?
Answer this question truthfully,"The prognosis for patients with thyroid anaplastic carcinoma is poor.

Thyroid anaplastic carcinoma is a rare and aggressive form of thyroid cancer that is associated with a very poor prognosis. This type of cancer grows quickly and is often resistant to treatment, making it difficult to manage. 

The five-year survival rate for thyroid anaplastic carcinoma is less than 10%, meaning that most patients with this type of cancer do not survive for more than five years after diagnosis. In addition, many patients with thyroid anaplastic carcinoma experience significant symptoms and complications related to the cancer, such as difficulty breathing or swallowing, pain, and weight loss. 

Because of the poor prognosis associated with thyroid anaplastic carcinoma, it is important for patients to receive prompt and aggressive treatment to manage their symptoms and improve their quality of life. Treatment may include surgery, radiation therapy, chemotherapy, or a combination of these approaches, depending on the individual patient's needs and the extent of the cancer.",What is the outlook for patients with thyroid anaplastic carcinoma?
Answer this question truthfully,"IgE is the least abundant immunoglobulin isotype in serum. While IgG is the most abundant, IgE makes up only a small fraction of the total immunoglobulin in the bloodstream. IgE plays a role in allergic reactions and is involved in the activation of mast cells and basophils. Its low abundance in serum reflects its specialized function in the immune system.",Which immunoglobulin isotype is the least abundant in serum?
Answer this question truthfully,"In a medical context, the term ""orientation"" refers to a patient's cognitive ability to be aware of and understand their surroundings. This typically includes their ability to identify themselves (person), their location (place), and the current time (time). A patient who is disoriented may have difficulty with one or more of these aspects of awareness, which can be a sign of a neurological or cognitive problem.","What is meant by the term ""orientation"" in a medical context, and what aspects of a patient's awareness does it typically encompass?"
Answer this question truthfully,"If CO2 production is constant, the arterial and alveolar Pco2 is determined by alveolar ventilation. Alveolar ventilation is the amount of air that reaches the alveoli, where gas exchange occurs, per unit of time. The Pco2 of arterial blood is a reflection of the Pco2 of alveolar gas, which in turn is determined by the balance between CO2 production and alveolar ventilation. If alveolar ventilation decreases, CO2 accumulates in the alveoli, leading to an increase in alveolar and arterial Pco2. Conversely, if alveolar ventilation increases, CO2 is removed from the alveoli, leading to a decrease in alveolar and arterial Pco2.",What determines the arterial and alveolar Pco2 if CO2 production is constant?
Answer this question truthfully,"The 5th generation of cephalosporins, specifically ceftaroline, has coverage against vancomycin-intermediate Staphylococcus aureus (VISA).",Which generation of cephalosporins has coverage against vancomycin-intermediate Staphylococcus aureus (VISA)?
Answer this question truthfully,"The mnemonic to remember the branches of the external carotid artery is (Some Angry Ladies Fight Off PMS) and it represents the following branches: S - Superior thyroid artery, A - Ascending pharyngeal artery, L - Lingual artery, F - Facial artery, O - Occipital artery, P - Posterior auricular artery, M - Maxillary artery, and S - Superficial temporal artery.",What is the mnemonic to remember the branches of the external carotid artery and what are the branches it represents?
Answer this question truthfully,The purpose of the latex agglutination test is to detect the polysaccharide capsular antigen present in Cryptococci.,What is the purpose of the latex agglutination test and what does it detect in Cryptococci?
Answer this question truthfully,Sporothrix schenckii infection at the site of trauma and first entry typically results in a local pustule or ulcer.,What is the typical result of Sporothrix schenckii infection at the site of trauma and first entry?
Answer this question truthfully,"The United States Preventive Services Task Force (USPSTF) recommends that men between the ages of 65 and 75 who have ever smoked undergo screening for abdominal aortic aneurysm (AAA). This is because smoking is a significant risk factor for the development of AAA, and early detection through screening can lead to better outcomes and potentially life-saving interventions. However, it is important to discuss individual risk factors and screening recommendations with a healthcare provider.",Who is recommended to undergo screening for abdominal aortic aneurysm (AAA)?
Answer this question truthfully,"The causative agent of Lyme disease is the spirochete Borrelia burgdorferi. Lyme disease is a tick-borne illness that can cause a range of symptoms, including fever, fatigue, joint pain, and a characteristic skin rash called erythema migrans. The disease is transmitted to humans through the bite of infected blacklegged ticks, which are commonly found in wooded and grassy areas. If left untreated, Lyme disease can lead to more serious complications, such as arthritis, heart problems, and nervous system disorders. Treatment for Lyme disease usually involves antibiotics, and early diagnosis and treatment are important for preventing the development of chronic symptoms.",What is the causative agent of Lyme disease?
Answer this question truthfully,"Glucose-1-phosphate is converted to UDP-glucose via the enzyme UDP-glucose pyrophosphorylase, which is an important enzyme involved in the process of glycogen synthesis. This reaction involves the transfer of a pyrophosphate group from a molecule of ATP to glucose-1-phosphate, resulting in the formation of UDP-glucose, which is an activated form of glucose that can be used as a substrate for glycogen synthesis. This process is essential for the storage of glucose in the liver and muscles, and helps to maintain blood glucose levels during periods of fasting or exercise.","What is the process by which glucose-1-phosphate is converted to UDP-glucose, and what enzyme is responsible for catalyzing this reaction in the context of glycogen synthesis?"
Answer this question truthfully,"Normal postpartum changes include transient low grade fever, breast engorgement, and self limited hair loss.","What are some of the typical changes that occur in the postpartum period, including temporary symptoms such as fever, breast changes, and hair loss?"
Answer this question truthfully,Hemoglobin is made of heme and globin.,What are the components that make up hemoglobin?
Answer this question truthfully,"No, Treponema pallidum cannot be visualized with routine staining techniques such as Gram staining or acid-fast staining. This is because the organism is too thin and delicate to be seen with a light microscope. Instead, specialized staining techniques such as dark-field microscopy, fluorescent antibody staining, or silver staining are used to visualize the organism. These techniques allow for the detection of Treponema pallidum in clinical specimens such as blood, cerebrospinal fluid, or tissue samples.",Can Treponema pallidum be visualized with staining techniques?
Answer this question truthfully,Chest physiotherapy is a treatment used in the management of cystic fibrosis that aids in mucus clearance by helping to mobilize and remove secretions from the lungs.,What is chest physiotherapy and how does it aid in the treatment of cystic fibrosis?
Answer this question truthfully,"Adrenal insufficiency is a condition in which the adrenal glands are unable to produce enough hormones, specifically glucocorticoids and mineralocorticoids. Glucocorticoids, such as cortisol, are involved in regulating the body's response to stress and inflammation, while mineralocorticoids, such as aldosterone, help regulate blood pressure and electrolyte balance. Adrenal insufficiency can be caused by damage to the adrenal glands, autoimmune disorders, or certain medications, and can lead to symptoms such as fatigue, muscle weakness, weight loss, low blood pressure, and salt cravings. Treatment for adrenal insufficiency typically involves hormone replacement therapy to replace the deficient hormones.",What is adrenal insufficiency and what hormones are affected by this condition?
Answer this question truthfully,Hyperparathyroidism is the endocrine pathology that may be associated with pseudogout.,Which endocrine pathology is commonly associated with pseudogout?
Answer this question truthfully,"β-blockers, such as propranolol, are commonly used for both hypertension and migraine prophylaxis. β-blockers are a class of medications that work by blocking the effects of adrenaline and other stress hormones in the body. This can help to reduce blood pressure and prevent migraines. In addition to β-blockers, other medications may also be used for migraine prophylaxis, including anticonvulsants, antidepressants, and calcium channel blockers. It is important for individuals with hypertension or migraines to work with their healthcare provider to determine the best treatment options for their specific needs and medical history.",What type of medication is commonly used for both hypertension and migraine prophylaxis?
Answer this question truthfully,Monofilament testing is useful for determining the presence of peripheral neuropathy.,What is the purpose of monofilament testing?
Answer this question truthfully,Raloxifene can increase the risk of developing DVT.,What is the potential risk associated with Raloxifene use and how does it affect the risk of developing DVT?
Answer this question truthfully,"Brain arteriovenous malformations, which are developmental vascular lesions, can present with symptoms such as intracranial hemorrhage, seizure, headache, or focal neurologic deficits.","What are the symptoms that can be associated with brain arteriovenous malformations, which are developmental vascular lesions?"
Answer this question truthfully,Aortic dissection is associated with a bicuspid aortic valve.,What type of aortic valve is associated with aortic dissection?
Answer this question truthfully,Adenosine causes coronary dilation via its action on A2 receptors.,How does Adenosine cause coronary dilation?
Answer this question truthfully,"Drug-eluting stents are medical devices that are used to treat narrowed or blocked arteries. They are designed to slowly release drugs that can help to prevent restenosis, or the re-narrowing of the artery after the stent has been implanted. One example of an immunosuppressant drug that can be used in drug-eluting stents is sirolimus (rapamycin). Sirolimus works by inhibiting a protein called mTOR, which is involved in cell growth and proliferation. By inhibiting mTOR, sirolimus can help to prevent the growth of smooth muscle cells in the artery wall, which can contribute to restenosis. The use of sirolimus-eluting stents has been shown to be effective in reducing the risk of restenosis and improving outcomes for patients with coronary artery disease.","What is an example of an immunosuppressant that can be used in drug-eluting stents, and how does it work to prevent restenosis?"
Answer this question truthfully,"The seventh (VII) cranial nerve, also known as the Facial nerve, has some LMNs that receive only contralateral corticobulbar innervation.","Among the cranial nerves, which nerve has some lower motor neurons (LMNs) that receive only contralateral corticobulbar innervation?"
Answer this question truthfully,"The likely diagnosis in a patient on post-op day 1 status-post CABG who presents with hypotension, tachycardia, and the findings of right atrium pressure of 20 mmHg, right ventricle pressure of 35/20 mmHg, and PCWP of 20 mmHg could be cardiac tamponade. Cardiac tamponade is a medical emergency that occurs when fluid accumulates in the pericardial sac, compressing the heart and preventing it from filling properly. This can lead to decreased cardiac output, hypotension, and tachycardia. Cardiac tamponade is a rare but serious complication of cardiac surgery, and prompt diagnosis and treatment are essential to prevent further complications. Treatment may involve pericardiocentesis or surgical intervention to remove the fluid and relieve the pressure on the heart.","In a patient who is on post-op day 1 status-post CABG and presents with hypotension, tachycardia, and the following findings, what could be the likely diagnosis? Right atrium: 20 mmHg  Right ventricle: 35/20 mmHg PCWP: 20 mmHg"
Answer this question truthfully,The likely diagnosis for the newborn's condition is necrotizing enterocolitis.,"What could be the possible diagnosis for a preterm newborn who presents with feeding intolerance, abdominal distention, bloody stools, and lethargy?"
Answer this question truthfully,Prothrombin 20210A is an inherited point mutation in the prothrombin gene that results in increased gene expression.,What is Prothrombin 20210A and what is its effect on gene expression?
Answer this question truthfully,"Vestibular Schwannomas may impinge on Cranial Nerve V (Trigeminal Nerve) in N 2, causing loss of facial sensation and masseter weakness.","Which cranial nerve may be affected by Vestibular Schwannomas, leading to loss of facial sensation and masseter weakness?"
Answer this question truthfully,"Typically, 10 to 25 cysts of Giardia lamblia are required for infection to occur. Giardia lamblia is a parasite that can cause diarrhea and other gastrointestinal symptoms in humans and other animals. The parasite is transmitted through the ingestion of cysts, which are hardy structures that can survive in water and on surfaces for extended periods of time. Once ingested, the cysts release trophozoites, which are the active form of the parasite that can cause infection. The number of cysts required for infection can vary depending on a variety of factors, including the age and health of the individual, the strain of the parasite, and the route of transmission. It is important to practice good hygiene and sanitation practices to prevent the transmission of Giardia lamblia and other infectious agents.",How many cysts of Giardia lamblia are typically required for infection to occur?
